"station","start_time","end_time","peak_level_cm","peak_time","duration_min","avg_gradient_cm_min","event_type","points_count"
"Herzogstraße","2026/03/14 16:39:00","2026/03/14 19:27:00",1.8,"2026/03/14 16:39:00",168,18,"Experiment / Künstlich",169
"Herzogstraße","2026/03/13 09:56:00","2026/03/13 10:03:00",13.8,"2026/03/13 09:56:00",7,138,"Experiment / Künstlich",8
"Herzogstraße","2026/03/13 07:39:00","2026/03/13 09:09:00",16.5,"2026/03/13 08:26:00",90,0.35,"Regenereignis / Natürlich",78
"Herzogstraße","2026/03/13 05:56:00","2026/03/13 06:55:00",14,"2026/03/13 05:56:00",59,140,"Experiment / Künstlich",60
"Herzogstraße","2026/03/12 14:31:00","2026/03/12 17:03:00",10.4,"2026/03/12 15:36:00",152,0.16,"Regenereignis / Natürlich",134
"Herzogstraße","2026/03/12 12:36:00","2026/03/12 13:34:00",18.8,"2026/03/12 13:11:00",58,0.536,"Experiment / Künstlich",54
"Herzogstraße","2026/03/12 11:22:00","2026/03/12 11:57:00",2.7,"2026/03/12 11:22:00",35,27,"Experiment / Künstlich",36
"Herzogstraße","2026/03/12 06:13:00","2026/03/12 07:02:00",9,"2026/03/12 06:13:00",49,90,"Experiment / Künstlich",50
"Herzogstraße","2026/03/11 17:53:00","2026/03/11 17:58:00",17.4,"2026/03/11 17:53:00",5,174,"Experiment / Künstlich",6
"Herzogstraße","2026/03/11 11:19:00","2026/03/11 12:04:00",5.2,"2026/03/11 11:19:00",45,52,"Experiment / Künstlich",46
"Wasserstraße_Springorum","2026/03/11 11:09:00","2026/03/11 12:06:00",6.1,"2026/03/11 11:31:00",57,0.276,"Regenereignis / Natürlich",82
"Herzogstraße","2026/03/11 06:58:00","2026/03/11 06:59:00",12,"2026/03/11 06:58:00",1,120,"Experiment / Künstlich",2
"Wasserstraße_Springorum","2026/03/10 16:19:00","2026/03/10 16:19:00",2.8,"2026/03/10 16:19:00",0,28,"Experiment / Künstlich",1
"Wasserstraße_Springorum","2026/03/10 15:26:00","2026/03/10 15:26:00",4,"2026/03/10 15:26:00",0,40,"Experiment / Künstlich",1
"Herzogstraße","2026/03/10 12:06:00","2026/03/10 12:37:00",3.1,"2026/03/10 12:06:00",31,31,"Experiment / Künstlich",32
"Herzogstraße","2026/03/10 11:31:00","2026/03/10 11:36:00",12.6,"2026/03/10 11:31:00",5,126,"Experiment / Künstlich",6
"Wasserstraße_Springorum","2026/03/10 09:01:30","2026/03/10 09:01:30",1.8,"2026/03/10 09:01:30",0,18,"Experiment / Künstlich",1
"Herzogstraße","2026/03/10 08:31:00","2026/03/10 08:52:00",13.2,"2026/03/10 08:31:00",21,132,"Experiment / Künstlich",20
"Wasserstraße_Springorum","2026/03/10 06:57:30","2026/03/10 06:57:30",1.9,"2026/03/10 06:57:30",0,19,"Experiment / Künstlich",1
"Herzogstraße","2026/03/10 05:20:00","2026/03/10 05:51:00",5.7,"2026/03/10 05:20:00",31,57,"Experiment / Künstlich",32
"Wasserstraße_Springorum","2026/03/09 22:54:30","2026/03/09 22:54:30",5.3,"2026/03/09 22:54:30",0,53,"Experiment / Künstlich",1
"Wasserstraße_Springorum","2026/03/09 16:35:30","2026/03/09 16:35:30",1.6,"2026/03/09 16:35:30",0,16,"Experiment / Künstlich",1
"Herzogstraße","2026/03/09 15:56:00","2026/03/10 04:53:00",17.8,"2026/03/10 03:52:00",777,0.025,"Regenereignis / Natürlich",778
"Herzogstraße","2026/03/09 13:46:00","2026/03/09 15:11:00",16.9,"2026/03/09 15:04:00",85,0.216,"Regenereignis / Natürlich",69
"Herzogstraße","2026/03/09 10:52:00","2026/03/09 12:11:00",11,"2026/03/09 10:52:00",79,110,"Experiment / Künstlich",80
"Wasserstraße_Springorum","2026/03/09 09:09:00","2026/03/09 09:09:00",2.1,"2026/03/09 09:09:00",0,21,"Experiment / Künstlich",1
"Herzogstraße","2026/03/09 09:05:00","2026/03/09 09:06:00",18.1,"2026/03/09 09:05:00",1,181,"Experiment / Künstlich",2
"Herzogstraße","2026/03/08 17:11:00","2026/03/09 03:34:00",23.7,"2026/03/08 17:11:00",623,237,"Experiment / Künstlich",624
"Herzogstraße","2026/03/08 12:01:00","2026/03/08 12:42:00",12.8,"2026/03/08 12:01:00",41,128,"Experiment / Künstlich",42
"Herzogstraße","2026/03/07 18:47:00","2026/03/08 09:42:00",28.9,"2026/03/07 22:46:00",895,0.121,"Regenereignis / Natürlich",896
"Herzogstraße","2026/03/07 14:31:00","2026/03/07 17:22:00",15.5,"2026/03/07 14:31:00",171,155,"Experiment / Künstlich",158
"Herzogstraße","2026/03/07 13:33:00","2026/03/07 13:58:00",16.7,"2026/03/07 13:33:00",25,167,"Experiment / Künstlich",26
"Herzogstraße","2026/03/07 01:37:00","2026/03/07 10:51:00",20.3,"2026/03/07 07:01:00",554,0.063,"Regenereignis / Natürlich",540
"Herzogstraße","2026/03/06 21:51:00","2026/03/07 00:21:00",17.7,"2026/03/06 21:51:00",150,177,"Experiment / Künstlich",151
"Wasserstraße_Springorum","2026/03/06 14:43:00","2026/03/06 14:43:00",4.5,"2026/03/06 14:43:00",0,45,"Experiment / Künstlich",1
"Herzogstraße","2026/03/06 13:19:00","2026/03/06 17:10:00",21.2,"2026/03/06 13:19:00",231,212,"Experiment / Künstlich",216
"Herzogstraße","2026/03/06 10:13:00","2026/03/06 10:33:00",24,"2026/03/06 10:13:00",20,240,"Experiment / Künstlich",21
"Herzogstraße","2026/03/06 06:46:00","2026/03/06 07:48:00",14.8,"2026/03/06 06:46:00",62,148,"Experiment / Künstlich",63
"An_der_Kost","2026/03/06 05:16:00","2026/03/06 05:16:00",2.1,"2026/03/06 05:16:00",0,21,"Experiment / Künstlich",1
"Herzogstraße","2026/03/05 20:52:00","2026/03/06 01:45:00",24.4,"2026/03/05 20:52:00",293,244,"Experiment / Künstlich",294
"Herzogstraße","2026/03/05 13:44:00","2026/03/05 20:27:00",26.3,"2026/03/05 13:44:00",403,263,"Experiment / Künstlich",404
"Herzogstraße","2026/03/05 12:04:00","2026/03/05 12:51:00",8.8,"2026/03/05 12:04:00",47,88,"Experiment / Künstlich",48
"Herzogstraße","2026/03/05 08:57:00","2026/03/05 10:24:00",25.5,"2026/03/05 08:57:00",87,255,"Experiment / Künstlich",88
"Herzogstraße","2026/03/05 06:57:00","2026/03/05 07:56:00",27.6,"2026/03/05 06:57:00",59,276,"Experiment / Künstlich",60
"Herzogstraße","2026/03/05 05:51:00","2026/03/05 06:20:00",10.8,"2026/03/05 05:51:00",29,108,"Experiment / Künstlich",30
"Wasserstraße_Springorum","2026/03/05 05:40:00","2026/03/05 05:40:00",2.5,"2026/03/05 05:40:00",0,25,"Experiment / Künstlich",1
"Herzogstraße","2026/03/04 18:30:00","2026/03/05 04:33:00",25.6,"2026/03/04 18:30:00",603,256,"Experiment / Künstlich",587
"Wasserstraße_Springorum","2026/03/04 14:43:00","2026/03/04 14:43:00",1.7,"2026/03/04 14:43:00",0,17,"Experiment / Künstlich",1
"Wasserstraße_Springorum","2026/03/04 12:48:00","2026/03/04 12:48:00",1.6,"2026/03/04 12:48:00",0,16,"Experiment / Künstlich",1
"Herzogstraße","2026/03/04 11:48:00","2026/03/04 17:32:00",21.2,"2026/03/04 13:40:00",344,0.189,"Regenereignis / Natürlich",329
"Herzogstraße","2026/03/04 10:27:00","2026/03/04 11:12:00",24,"2026/03/04 10:27:00",45,240,"Experiment / Künstlich",46
"Herzogstraße","2026/03/04 08:36:00","2026/03/04 08:45:00",26.6,"2026/03/04 08:36:00",9,266,"Experiment / Künstlich",10
"Herzogstraße","2026/03/04 06:55:00","2026/03/04 07:20:00",11.6,"2026/03/04 06:55:00",25,116,"Experiment / Künstlich",26
"Wasserstraße_Springorum","2026/03/03 19:04:00","2026/03/03 19:04:00",4.4,"2026/03/03 19:04:00",0,44,"Experiment / Künstlich",1
"Herzogstraße","2026/03/03 13:24:00","2026/03/03 14:18:00",27.3,"2026/03/03 13:24:00",54,273,"Experiment / Künstlich",55
"Wasserstraße_Springorum","2026/03/03 13:23:00","2026/03/03 13:23:00",2.5,"2026/03/03 13:23:00",0,25,"Experiment / Künstlich",1
"Herzogstraße","2026/03/03 05:48:00","2026/03/03 05:54:00",6.2,"2026/03/03 05:48:00",6,62,"Experiment / Künstlich",7
"Herzogstraße","2026/03/02 16:20:00","2026/03/03 04:59:00",27.6,"2026/03/02 16:20:00",759,276,"Experiment / Künstlich",760
"Wasserstraße_Springorum","2026/03/02 14:59:00","2026/03/02 14:59:00",2.5,"2026/03/02 14:59:00",0,25,"Experiment / Künstlich",1
"Herzogstraße","2026/03/02 12:17:00","2026/03/02 12:33:00",23,"2026/03/02 12:17:00",16,230,"Experiment / Künstlich",17
"Herzogstraße","2026/03/02 10:46:00","2026/03/02 11:17:00",5.6,"2026/03/02 10:46:00",31,56,"Experiment / Künstlich",32
"Herzogstraße","2026/03/02 07:59:00","2026/03/02 09:08:00",28.4,"2026/03/02 07:59:00",69,284,"Experiment / Künstlich",70
"Herzogstraße","2026/03/02 06:15:00","2026/03/02 06:18:00",26.7,"2026/03/02 06:15:00",3,267,"Experiment / Künstlich",4
"Herzogstraße","2026/03/02 04:25:00","2026/03/02 05:29:00",4.2,"2026/03/02 04:25:00",64,42,"Experiment / Künstlich",65
"Herzogstraße","2026/03/01 15:51:00","2026/03/01 18:15:00",20.5,"2026/03/01 16:42:00",144,0.401,"Regenereignis / Natürlich",145
"Herzogstraße","2026/03/01 08:43:00","2026/03/01 12:39:00",12.8,"2026/03/01 08:43:00",236,128,"Experiment / Künstlich",237
"Herzogstraße","2026/03/01 00:00:00","2026/03/01 06:50:00",6.6,"2026/03/01 00:00:00",410,66,"Experiment / Künstlich",411
"Herzogstraße","2026/02/28 09:07:00","2026/02/28 10:42:00",2.2,"2026/02/28 09:07:00",95,22,"Experiment / Künstlich",96
"Herzogstraße","2026/02/28 06:28:00","2026/02/28 08:38:00",4.9,"2026/02/28 06:28:00",130,49,"Experiment / Künstlich",113
"Herzogstraße","2026/02/28 04:53:00","2026/02/28 05:32:00",2.6,"2026/02/28 05:19:00",39,0.1,"Experiment / Künstlich",20
"Herzogstraße","2026/02/28 01:24:00","2026/02/28 02:17:00",1.9,"2026/02/28 01:55:00",53,0.061,"Regenereignis / Natürlich",30
"Herzogstraße","2026/02/28 00:11:00","2026/02/28 00:11:00",1.6,"2026/02/28 00:11:00",0,16,"Experiment / Künstlich",1
"Herzogstraße","2026/02/27 23:19:00","2026/02/27 23:38:00",1.9,"2026/02/27 23:38:00",19,0.099,"Regenereignis / Natürlich",8
"Herzogstraße","2026/02/27 21:44:00","2026/02/27 22:51:00",5.3,"2026/02/27 22:01:00",67,0.31,"Regenereignis / Natürlich",42
"Herzogstraße","2026/02/24 05:49:00","2026/02/24 08:26:00",5.7,"2026/02/24 06:12:00",157,0.247,"Regenereignis / Natürlich",156
"Herzogstraße","2026/02/24 05:01:00","2026/02/24 05:01:00",2.4,"2026/02/24 05:01:00",0,24,"Experiment / Künstlich",1
"Herzogstraße","2026/02/24 02:56:00","2026/02/24 03:27:00",2.3,"2026/02/24 03:06:00",31,0.228,"Experiment / Künstlich",24
"Herzogstraße","2026/02/24 01:58:00","2026/02/24 02:23:00",1.8,"2026/02/24 02:08:00",25,0.178,"Regenereignis / Natürlich",13
"Herzogstraße","2026/02/24 00:40:00","2026/02/24 00:56:00",2.2,"2026/02/24 00:50:00",16,0.218,"Experiment / Künstlich",17
"Herzogstraße","2026/02/23 21:15:00","2026/02/24 00:12:00",4.8,"2026/02/23 21:20:00",177,0.941,"Experiment / Künstlich",162
"Herzogstraße","2026/02/23 15:38:00","2026/02/23 18:12:00",8.4,"2026/02/23 15:56:00",154,0.464,"Regenereignis / Natürlich",153
"Herzogstraße","2026/02/23 14:50:00","2026/02/23 15:09:00",5.9,"2026/02/23 15:08:00",19,0.326,"Experiment / Künstlich",11
"Herzogstraße","2026/02/23 01:09:00","2026/02/23 14:23:00",8.9,"2026/02/23 08:07:00",794,0.021,"Regenereignis / Natürlich",776
"Herzogstraße","2026/02/22 21:55:00","2026/02/22 21:56:00",4.2,"2026/02/22 21:56:00",1,3.818,"Experiment / Künstlich",2
"Herzogstraße","2026/02/22 12:55:00","2026/02/22 20:31:00",3.3,"2026/02/22 17:54:00",456,0.011,"Regenereignis / Natürlich",280
"Herzogstraße","2026/02/22 10:26:00","2026/02/22 12:11:00",2.9,"2026/02/22 10:39:00",105,0.221,"Regenereignis / Natürlich",86
"Herzogstraße","2026/02/22 09:52:00","2026/02/22 09:55:00",2.1,"2026/02/22 09:55:00",3,0.677,"Experiment / Künstlich",4
"Herzogstraße","2026/02/22 01:23:00","2026/02/22 01:23:00",5.1,"2026/02/22 01:23:00",0,51,"Experiment / Künstlich",1
"Herzogstraße","2026/02/22 00:00:00","2026/02/22 00:46:00",2.7,"2026/02/22 00:14:00",46,0.191,"Regenereignis / Natürlich",44
"Herzogstraße","2026/02/21 20:15:00","2026/02/21 22:50:00",3.5,"2026/02/21 20:16:00",155,3.182,"Experiment / Künstlich",156
"Herzogstraße","2026/02/21 17:25:00","2026/02/21 17:25:00",4.4,"2026/02/21 17:25:00",0,44,"Experiment / Künstlich",1
"Herzogstraße","2026/02/21 14:41:00","2026/02/21 16:26:00",3.9,"2026/02/21 14:58:00",105,0.228,"Regenereignis / Natürlich",88
"Herzogstraße","2026/02/21 14:09:00","2026/02/21 14:09:00",5.1,"2026/02/21 14:09:00",0,51,"Experiment / Künstlich",1
"Herzogstraße","2026/02/21 12:37:00","2026/02/21 12:50:00",5.3,"2026/02/21 12:50:00",13,0.405,"Experiment / Künstlich",2
"Herzogstraße","2026/02/21 11:01:00","2026/02/21 11:12:00",5.5,"2026/02/21 11:01:00",11,55,"Experiment / Künstlich",2
"Herzogstraße","2026/02/21 07:13:00","2026/02/21 09:00:00",3.9,"2026/02/21 07:14:00",107,3.545,"Experiment / Künstlich",87
"Herzogstraße","2026/02/19 23:40:00","2026/02/19 23:59:00",1.6,"2026/02/19 23:40:00",19,16,"Experiment / Künstlich",20
"Herzogstraße","2026/02/19 17:53:00","2026/02/19 17:53:00",1.6,"2026/02/19 17:53:00",0,16,"Experiment / Künstlich",1
"Herzogstraße","2026/02/19 14:46:00","2026/02/19 15:15:00",2.1,"2026/02/19 14:46:00",29,21,"Experiment / Künstlich",16
"Herzogstraße","2026/02/19 13:40:00","2026/02/19 14:20:00",3,"2026/02/19 13:53:00",40,0.229,"Experiment / Künstlich",39
"Herzogstraße","2026/02/19 12:14:00","2026/02/19 12:51:00",3.1,"2026/02/19 12:34:00",37,0.154,"Experiment / Künstlich",21
"Herzogstraße","2026/02/19 10:15:00","2026/02/19 11:31:00",3.4,"2026/02/19 10:36:00",76,0.161,"Regenereignis / Natürlich",64
"Herzogstraße","2026/02/19 09:47:00","2026/02/19 09:47:00",4.7,"2026/02/19 09:47:00",0,47,"Experiment / Künstlich",1
"Herzogstraße","2026/02/19 08:43:00","2026/02/19 08:43:00",2.7,"2026/02/19 08:43:00",0,27,"Experiment / Künstlich",1
"Herzogstraße","2026/02/19 05:06:00","2026/02/19 05:17:00",1.8,"2026/02/19 05:06:00",11,18,"Experiment / Künstlich",11
"Königsallee_Springorum","2026/02/19 04:22:00","2026/02/19 04:22:00",1.8,"2026/02/19 04:22:00",0,18,"Experiment / Künstlich",1
"Wasserbaulabor_2","2026/02/18 09:18:15","2026/02/18 09:48:45",3.1,"2026/02/18 09:36:00",30.5,0.174,"Experiment / Künstlich",206
"Herzogstraße","2026/02/18 00:52:00","2026/02/18 00:52:00",4.7,"2026/02/18 00:52:00",0,47,"Experiment / Künstlich",2
"Herzogstraße","2026/02/18 00:18:00","2026/02/18 00:18:00",4.3,"2026/02/18 00:18:00",0,43,"Experiment / Künstlich",2
"Herzogstraße","2026/02/17 20:26:00","2026/02/17 21:42:00",3.5,"2026/02/17 20:33:00",76,0.493,"Regenereignis / Natürlich",110
"Herzogstraße","2026/02/17 16:20:00","2026/02/17 16:37:00",2.6,"2026/02/17 16:25:00",17,0.51,"Experiment / Künstlich",34
"Herzogstraße","2026/02/17 15:34:00","2026/02/17 15:43:00",3.7,"2026/02/17 15:37:00",9,1.194,"Experiment / Künstlich",20
"Herzogstraße","2026/02/17 14:00:00","2026/02/17 14:56:00",2.2,"2026/02/17 14:56:00",56,0.039,"Regenereignis / Natürlich",12
"Herzogstraße","2026/02/17 11:07:00","2026/02/17 13:27:00",3.8,"2026/02/17 12:12:00",140,0.058,"Regenereignis / Natürlich",212
"Herzogstraße","2026/02/17 08:31:00","2026/02/17 08:47:00",2.4,"2026/02/17 08:31:00",16,24,"Experiment / Künstlich",32
"Herzogstraße","2026/02/17 04:02:00","2026/02/17 07:08:00",5,"2026/02/17 06:31:00",186,0.034,"Regenereignis / Natürlich",244
"Herzogstraße","2026/02/17 00:57:00","2026/02/17 00:58:00",2.7,"2026/02/17 00:58:00",1,2.455,"Experiment / Künstlich",4
"Herzogstraße","2026/02/16 23:14:00","2026/02/17 00:28:00",2.8,"2026/02/16 23:15:00",74,2.545,"Experiment / Künstlich",110
"Herzogstraße","2026/02/16 12:15:00","2026/02/16 13:06:00",3.2,"2026/02/16 12:17:00",51,1.524,"Experiment / Künstlich",104
"Herzogstraße","2026/02/16 10:46:00","2026/02/16 11:36:00",3.3,"2026/02/16 11:21:00",50,0.094,"Regenereignis / Natürlich",88
"Herzogstraße","2026/02/16 09:17:00","2026/02/16 09:36:00",3,"2026/02/16 09:20:00",19,0.968,"Experiment / Künstlich",36
"Herzogstraße","2026/02/16 06:46:00","2026/02/16 07:09:00",2.8,"2026/02/16 07:00:00",23,0.199,"Experiment / Künstlich",48
"Herzogstraße","2026/02/16 05:35:00","2026/02/16 06:20:00",2,"2026/02/16 05:35:00",45,20,"Experiment / Künstlich",66
"Herzogstraße","2026/02/16 05:04:00","2026/02/16 05:12:00",2.5,"2026/02/16 05:06:00",8,1.19,"Experiment / Künstlich",18
"Herzogstraße","2026/02/15 23:37:00","2026/02/15 23:53:00",1.8,"2026/02/15 23:45:00",16,0.222,"Regenereignis / Natürlich",14
"Herzogstraße","2026/02/15 10:21:00","2026/02/15 10:21:00",5.1,"2026/02/15 10:21:00",0,51,"Experiment / Künstlich",2
"Herzogstraße","2026/02/15 06:12:00","2026/02/15 06:12:00",4.2,"2026/02/15 06:12:00",0,42,"Experiment / Künstlich",2
"Herzogstraße","2026/02/14 15:24:00","2026/02/14 15:24:00",4.4,"2026/02/14 15:24:00",0,44,"Experiment / Künstlich",2
"Herzogstraße","2026/02/13 10:42:00","2026/02/13 10:46:00",1.6,"2026/02/13 10:42:00",4,16,"Experiment / Künstlich",10
"Herzogstraße","2026/02/13 09:17:00","2026/02/13 09:17:00",6.1,"2026/02/13 09:17:00",0,61,"Experiment / Künstlich",2
"Herzogstraße","2026/02/13 08:02:00","2026/02/13 08:02:00",5.7,"2026/02/13 08:02:00",0,57,"Experiment / Künstlich",2
"Herzogstraße","2026/02/13 02:01:00","2026/02/13 02:01:00",5,"2026/02/13 02:01:00",0,50,"Experiment / Künstlich",2
"Herzogstraße","2026/02/12 20:22:00","2026/02/13 01:00:00",4.4,"2026/02/12 20:49:00",278,0.162,"Regenereignis / Natürlich",454
"Herzogstraße","2026/02/12 15:22:00","2026/02/12 18:30:00",5,"2026/02/12 15:22:00",188,50,"Experiment / Künstlich",272
"Herzogstraße","2026/02/12 14:40:00","2026/02/12 14:46:00",3.6,"2026/02/12 14:42:00",6,1.714,"Experiment / Künstlich",14
"Herzogstraße","2026/02/12 13:26:00","2026/02/12 13:51:00",3.4,"2026/02/12 13:39:00",25,0.26,"Experiment / Künstlich",52
"Herzogstraße","2026/02/12 11:47:00","2026/02/12 11:47:00",4.4,"2026/02/12 11:47:00",0,44,"Experiment / Künstlich",2
"Herzogstraße","2026/02/12 06:16:00","2026/02/12 09:00:00",4,"2026/02/12 07:53:00",164,0.041,"Regenereignis / Natürlich",280
"Herzogstraße","2026/02/12 05:43:00","2026/02/12 05:44:00",6.1,"2026/02/12 05:43:00",1,61,"Experiment / Künstlich",4
"Herzogstraße","2026/02/12 04:53:00","2026/02/12 04:58:00",4.3,"2026/02/12 04:53:00",5,43,"Experiment / Künstlich",4
"Herzogstraße","2026/02/11 20:40:00","2026/02/12 04:00:00",3.1,"2026/02/12 03:09:00",440,0.008,"Regenereignis / Natürlich",722
"Herzogstraße","2026/02/11 20:13:00","2026/02/11 20:13:00",1.7,"2026/02/11 20:13:00",0,17,"Experiment / Künstlich",2
"Herzogstraße","2026/02/11 19:41:00","2026/02/11 19:41:00",1.9,"2026/02/11 19:41:00",0,19,"Experiment / Künstlich",2
"Herzogstraße","2026/02/11 12:54:00","2026/02/11 15:59:00",4.1,"2026/02/11 13:27:00",185,0.124,"Regenereignis / Natürlich",354
"Herzogstraße","2026/02/11 10:51:00","2026/02/11 10:52:00",3.2,"2026/02/11 10:51:00",1,32,"Experiment / Künstlich",4
"Herzogstraße","2026/02/11 09:53:00","2026/02/11 10:05:00",3.5,"2026/02/11 09:58:00",12,0.686,"Experiment / Künstlich",26
"Wasserstraße_Springorum","2026/02/10 17:56:00","2026/02/10 17:56:00",5,"2026/02/10 17:56:00",0,50,"Experiment / Künstlich",2
"Wasserstraße_Springorum","2026/02/10 09:46:00","2026/02/10 09:46:00",5.4,"2026/02/10 09:46:00",0,54,"Experiment / Künstlich",2
"Wasserstraße_Springorum","2026/02/09 18:52:00","2026/02/09 18:52:00",2.2,"2026/02/09 18:52:00",0,22,"Experiment / Künstlich",2
"Wasserstraße_Springorum","2026/02/09 13:35:00","2026/02/09 13:35:00",3.1,"2026/02/09 13:35:00",0,31,"Experiment / Künstlich",2
"Wasserstraße_Springorum","2026/02/09 06:12:00","2026/02/09 06:12:00",2.9,"2026/02/09 06:12:00",0,29,"Experiment / Künstlich",2
"Wasserstraße_Springorum","2026/02/07 20:07:00","2026/02/07 20:07:00",4.2,"2026/02/07 20:07:00",0,42,"Experiment / Künstlich",2
"Herzogstraße","2026/02/07 14:04:00","2026/02/07 16:31:00",5.1,"2026/02/07 14:04:00",147,51,"Experiment / Künstlich",296
"Herzogstraße","2026/02/06 17:56:00","2026/02/07 00:46:00",20.5,"2026/02/06 21:52:00",410,0.087,"Regenereignis / Natürlich",822
"An_der_Kost","2026/02/06 15:55:00","2026/02/06 15:55:00",15.8,"2026/02/06 15:55:00",0,158,"Experiment / Künstlich",2
"Herzogstraße","2026/02/06 10:52:00","2026/02/06 14:52:00",7.6,"2026/02/06 11:18:00",240,0.291,"Regenereignis / Natürlich",426
"Herzogstraße","2026/02/06 08:12:00","2026/02/06 08:58:00",15,"2026/02/06 08:12:00",46,150,"Experiment / Künstlich",94
"Herzogstraße","2026/02/06 05:18:00","2026/02/06 06:32:00",16.2,"2026/02/06 05:18:00",74,162,"Experiment / Künstlich",150
"Herzogstraße","2026/02/05 19:50:00","2026/02/05 21:10:00",3,"2026/02/05 19:50:00",80,30,"Experiment / Künstlich",162
"Wasserstraße_Springorum","2026/02/05 19:22:00","2026/02/05 19:22:00",2.2,"2026/02/05 19:22:00",0,22,"Experiment / Künstlich",2
"Herzogstraße","2026/02/05 14:59:00","2026/02/05 15:59:00",3.8,"2026/02/05 14:59:00",60,38,"Experiment / Künstlich",122
"An_der_Kost","2026/02/05 08:57:00","2026/02/05 08:57:00",17.8,"2026/02/05 08:57:00",0,178,"Experiment / Künstlich",2
"Herzogstraße","2026/02/05 08:12:00","2026/02/05 08:56:00",2.1,"2026/02/05 08:12:00",44,21,"Experiment / Künstlich",90
"Wasserstraße_Springorum","2026/02/05 07:15:00","2026/02/05 07:15:00",1.9,"2026/02/05 07:15:00",0,19,"Experiment / Künstlich",2
"Herzogstraße","2026/02/05 05:33:00","2026/02/05 06:40:00",2.8,"2026/02/05 05:33:00",67,28,"Experiment / Künstlich",136
"Herzogstraße","2026/02/04 17:55:00","2026/02/05 04:44:00",6.2,"2026/02/04 19:19:00",649,0.074,"Regenereignis / Natürlich",1300
"Herzogstraße","2026/02/04 15:04:00","2026/02/04 16:58:00",23,"2026/02/04 15:04:00",114,230,"Experiment / Künstlich",230
"Herzogstraße","2026/02/04 14:17:00","2026/02/04 14:24:00",8.9,"2026/02/04 14:17:00",7,89,"Experiment / Künstlich",16
"Herzogstraße","2026/02/04 11:56:00","2026/02/04 12:35:00",29.9,"2026/02/04 11:56:00",39,299,"Experiment / Künstlich",80
"Herzogstraße","2026/02/04 08:06:00","2026/02/04 09:47:00",28.9,"2026/02/04 08:06:00",101,289,"Experiment / Künstlich",204
"Herzogstraße","2026/02/03 11:14:00","2026/02/03 12:13:00",21.3,"2026/02/03 11:14:00",59,213,"Experiment / Künstlich",120
"An_der_Kost","2026/02/03 10:04:00","2026/02/03 10:04:00",4,"2026/02/03 10:04:00",0,40,"Experiment / Künstlich",2
"Herzogstraße","2026/02/03 08:04:00","2026/02/03 08:44:00",13.1,"2026/02/03 08:04:00",40,131,"Experiment / Künstlich",82
"Wasserstraße_Springorum","2026/02/03 05:52:00","2026/02/03 05:52:00",1.6,"2026/02/03 05:52:00",0,16,"Experiment / Künstlich",2
"An_der_Kost","2026/02/03 05:00:00","2026/02/03 05:00:00",18.2,"2026/02/03 05:00:00",0,182,"Experiment / Künstlich",2
"Herzogstraße","2026/02/02 20:54:00","2026/02/03 04:05:00",18.2,"2026/02/02 20:54:00",431,182,"Experiment / Künstlich",864
"Wasserstraße_Springorum","2026/02/02 17:59:00","2026/02/02 17:59:00",4.2,"2026/02/02 17:59:00",0,42,"Experiment / Künstlich",2
"Herzogstraße","2026/02/02 17:22:00","2026/02/02 18:31:00",18.6,"2026/02/02 17:22:00",69,186,"Experiment / Künstlich",138
"Herzogstraße","2026/02/02 16:31:00","2026/02/02 16:35:00",7.7,"2026/02/02 16:31:00",4,77,"Experiment / Künstlich",10
"Herzogstraße","2026/02/02 14:50:00","2026/02/02 15:48:00",16.3,"2026/02/02 14:50:00",58,163,"Experiment / Künstlich",118
"Herzogstraße","2026/02/02 12:08:00","2026/02/02 14:20:00",19.9,"2026/02/02 13:39:00",132,0.218,"Regenereignis / Natürlich",244
"Wasserstraße_Springorum","2026/02/02 12:07:00","2026/02/02 12:07:00",1.6,"2026/02/02 12:07:00",0,16,"Experiment / Künstlich",2
"Herzogstraße","2026/02/02 10:12:00","2026/02/02 10:36:00",1.8,"2026/02/02 10:12:00",24,18,"Experiment / Künstlich",50
"Herzogstraße","2026/02/02 04:20:00","2026/02/02 04:39:00",13.1,"2026/02/02 04:20:00",19,131,"Experiment / Künstlich",40
"Herzogstraße","2026/02/01 16:58:00","2026/02/01 22:46:00",11.7,"2026/02/01 17:07:00",348,1.286,"Experiment / Künstlich",694
"An_der_Kost","2026/02/01 16:23:00","2026/02/01 16:23:00",13.5,"2026/02/01 16:23:00",0,135,"Experiment / Künstlich",2
"An_der_Kost","2026/02/01 14:55:00","2026/02/01 14:58:00",14.9,"2026/02/01 14:55:00",3,149,"Experiment / Künstlich",4
"Herzogstraße","2026/02/01 11:48:00","2026/02/01 12:27:00",10.1,"2026/02/01 11:48:00",39,101,"Experiment / Künstlich",80
"Herzogstraße","2026/02/01 08:48:00","2026/02/01 09:07:00",8,"2026/02/01 08:48:00",19,80,"Experiment / Künstlich",40
"Herzogstraße","2026/01/31 18:01:00","2026/01/31 18:30:00",6.8,"2026/01/31 18:01:00",29,68,"Experiment / Künstlich",60
"Herzogstraße","2026/01/31 10:46:00","2026/01/31 16:59:00",18.6,"2026/01/31 10:52:00",373,3.049,"Experiment / Künstlich",748
"Herzogstraße","2026/01/30 14:52:00","2026/01/30 20:42:00",18.1,"2026/01/30 16:55:00",350,0.147,"Regenereignis / Natürlich",702
"An_der_Kost","2026/01/30 14:38:00","2026/01/30 14:38:00",12,"2026/01/30 14:38:00",0,120,"Experiment / Künstlich",2
"Herzogstraße","2026/01/30 13:26:00","2026/01/30 13:45:00",7.2,"2026/01/30 13:26:00",19,72,"Experiment / Künstlich",40
"Herzogstraße","2026/01/30 10:57:00","2026/01/30 12:53:00",21.1,"2026/01/30 12:42:00",116,0.201,"Regenereignis / Natürlich",222
"An_der_Kost","2026/01/30 10:29:00","2026/01/30 10:29:00",6.3,"2026/01/30 10:29:00",0,63,"Experiment / Künstlich",2
"Herzogstraße","2026/01/30 08:09:00","2026/01/30 09:48:00",17,"2026/01/30 08:09:00",99,170,"Experiment / Künstlich",200
"Herzogstraße","2026/01/29 16:37:00","2026/01/29 16:37:00",5.1,"2026/01/29 16:37:00",0,51,"Experiment / Künstlich",2
"Herzogstraße","2026/01/29 14:51:00","2026/01/29 15:00:00",20.5,"2026/01/29 14:51:00",9,205,"Experiment / Künstlich",20
"Herzogstraße","2026/01/29 12:13:00","2026/01/29 12:56:00",5.4,"2026/01/29 12:13:00",43,54,"Experiment / Künstlich",88
"Herzogstraße","2026/01/29 08:04:00","2026/01/29 08:09:00",24.7,"2026/01/29 08:04:00",5,247,"Experiment / Künstlich",12
"Herzogstraße","2026/01/28 22:37:00","2026/01/28 23:23:00",7.5,"2026/01/28 22:37:00",46,75,"Experiment / Künstlich",94
"Herzogstraße","2026/01/28 17:51:00","2026/01/28 18:13:00",15.6,"2026/01/28 17:51:00",22,156,"Experiment / Künstlich",46
"Herzogstraße","2026/01/28 15:28:00","2026/01/28 15:52:00",3.4,"2026/01/28 15:28:00",24,34,"Experiment / Künstlich",50
"Herzogstraße","2026/01/28 14:23:00","2026/01/28 14:30:00",2.1,"2026/01/28 14:23:00",7,21,"Experiment / Künstlich",16
"Herzogstraße","2026/01/28 11:43:00","2026/01/28 12:19:00",29.4,"2026/01/28 11:43:00",36,294,"Experiment / Künstlich",74
"Herzogstraße","2026/01/28 09:25:00","2026/01/28 09:52:00",3,"2026/01/28 09:25:00",27,30,"Experiment / Künstlich",56
"Herzogstraße","2026/01/28 07:14:00","2026/01/28 08:06:00",13.2,"2026/01/28 07:14:00",52,132,"Experiment / Künstlich",106
"Herzogstraße","2026/01/27 22:23:00","2026/01/27 22:24:00",14.5,"2026/01/27 22:23:00",1,145,"Experiment / Künstlich",4
"Herzogstraße","2026/01/27 09:11:00","2026/01/27 12:42:00",17,"2026/01/27 09:11:00",211,170,"Experiment / Künstlich",424
"Herzogstraße","2026/01/27 05:57:00","2026/01/27 06:26:00",29.7,"2026/01/27 06:08:00",29,2.676,"Experiment / Künstlich",60
"Herzogstraße","2026/01/26 16:53:00","2026/01/26 17:33:00",4.2,"2026/01/26 16:53:00",40,42,"Experiment / Künstlich",82
"Herzogstraße","2026/01/26 13:14:00","2026/01/26 13:35:00",17.5,"2026/01/26 13:14:00",21,175,"Experiment / Künstlich",44
"Herzogstraße","2026/01/26 07:45:00","2026/01/26 10:47:00",13.1,"2026/01/26 08:11:00",182,0.502,"Experiment / Künstlich",366
"Herzogstraße","2026/01/25 13:55:00","2026/01/25 17:26:00",11.9,"2026/01/25 13:55:00",211,119,"Experiment / Künstlich",424
"Herzogstraße","2026/01/25 09:06:00","2026/01/25 10:06:00",6.2,"2026/01/25 09:06:00",60,62,"Experiment / Künstlich",122
"An_der_Kost","2026/01/25 06:19:00","2026/01/25 06:19:00",11.6,"2026/01/25 06:19:00",0,116,"Experiment / Künstlich",2
"Herzogstraße","2026/01/24 18:04:00","2026/01/24 20:34:00",11.3,"2026/01/24 18:04:00",150,113,"Experiment / Künstlich",302
"Herzogstraße","2026/01/24 13:35:00","2026/01/24 15:49:00",13.9,"2026/01/24 14:05:00",134,0.462,"Regenereignis / Natürlich",234
"Herzogstraße","2026/01/24 05:46:00","2026/01/24 08:01:00",6.1,"2026/01/24 05:46:00",135,61,"Experiment / Künstlich",272
"Herzogstraße","2026/01/23 17:40:00","2026/01/23 19:16:00",12.2,"2026/01/23 17:40:00",96,122,"Experiment / Künstlich",194
"Herzogstraße","2026/01/23 13:31:00","2026/01/23 13:45:00",4.2,"2026/01/23 13:31:00",14,42,"Experiment / Künstlich",30
"Herzogstraße","2026/01/23 11:06:00","2026/01/23 11:39:00",12.1,"2026/01/23 11:06:00",33,121,"Experiment / Künstlich",68
"Herzogstraße","2026/01/23 08:45:00","2026/01/23 09:06:00",9.7,"2026/01/23 08:45:00",21,97,"Experiment / Künstlich",44
"An_der_Kost","2026/01/23 07:37:00","2026/01/23 07:37:00",16.4,"2026/01/23 07:37:00",0,164,"Experiment / Künstlich",2
"An_der_Kost","2026/01/23 06:08:00","2026/01/23 06:08:00",16.2,"2026/01/23 06:08:00",0,162,"Experiment / Künstlich",2
"Herzogstraße","2026/01/23 06:03:00","2026/01/23 06:44:00",8.9,"2026/01/23 06:03:00",41,89,"Experiment / Künstlich",84
"Herzogstraße","2026/01/22 19:46:00","2026/01/22 21:04:00",9.4,"2026/01/22 19:46:00",78,94,"Experiment / Künstlich",158
"Herzogstraße","2026/01/22 17:11:00","2026/01/22 18:58:00",25.7,"2026/01/22 17:11:00",107,257,"Experiment / Künstlich",216
"Herzogstraße","2026/01/22 14:27:00","2026/01/22 15:16:00",16.9,"2026/01/22 14:27:00",49,169,"Experiment / Künstlich",100
"Herzogstraße","2026/01/22 13:49:00","2026/01/22 14:03:00",12.7,"2026/01/22 13:49:00",14,127,"Experiment / Künstlich",30
"An_der_Kost","2026/01/22 12:45:00","2026/01/22 12:45:00",15.4,"2026/01/22 12:45:00",0,154,"Experiment / Künstlich",2
"Herzogstraße","2026/01/22 11:57:00","2026/01/22 12:25:00",9.5,"2026/01/22 11:57:00",28,95,"Experiment / Künstlich",36
"Herzogstraße","2026/01/22 10:26:00","2026/01/22 11:35:00",8,"2026/01/22 10:26:00",69,80,"Experiment / Künstlich",140
"Königsallee_Springorum","2026/01/22 07:23:00","2026/01/22 07:23:00",2.3,"2026/01/22 07:23:00",0,23,"Experiment / Künstlich",2
"An_der_Kost","2026/01/22 03:26:00","2026/01/22 03:26:00",1.9,"2026/01/22 03:26:00",0,19,"Experiment / Künstlich",2
"Herzogstraße","2026/01/21 19:36:00","2026/01/21 23:59:00",4.6,"2026/01/21 19:36:00",263,46,"Experiment / Künstlich",528
"Wasserstraße_Springorum","2026/01/21 19:13:00","2026/01/21 19:13:00",5.1,"2026/01/21 19:13:00",0,51,"Experiment / Künstlich",2
"Wasserstraße_Springorum","2026/01/21 15:00:00","2026/01/21 15:00:00",4.4,"2026/01/21 15:00:00",0,44,"Experiment / Künstlich",2
"Herzogstraße","2026/01/21 13:12:00","2026/01/21 15:34:00",18,"2026/01/21 13:12:00",142,180,"Experiment / Künstlich",238
"An_der_Kost","2026/01/21 11:50:00","2026/01/21 11:50:00",15.3,"2026/01/21 11:50:00",0,153,"Experiment / Künstlich",2
"Herzogstraße","2026/01/21 10:25:00","2026/01/21 10:33:00",16.8,"2026/01/21 10:25:00",8,168,"Experiment / Künstlich",18
"Wasserstraße_Springorum","2026/01/21 08:24:00","2026/01/21 08:33:00",5.2,"2026/01/21 08:33:00",9,0.571,"Experiment / Künstlich",4
"Herzogstraße","2026/01/21 05:57:00","2026/01/21 06:23:00",16.8,"2026/01/21 05:57:00",26,168,"Experiment / Künstlich",54
"Wasserstraße_Springorum","2026/01/21 04:47:00","2026/01/21 04:47:00",5.5,"2026/01/21 04:47:00",0,55,"Experiment / Künstlich",2
"Wasserstraße_Springorum","2026/01/20 22:14:00","2026/01/20 22:14:00",5,"2026/01/20 22:14:00",0,50,"Experiment / Künstlich",2
"Wasserstraße_Springorum","2026/01/20 18:50:00","2026/01/20 18:50:00",4.6,"2026/01/20 18:50:00",0,46,"Experiment / Künstlich",2
"Herzogstraße","2026/01/20 18:43:00","2026/01/21 05:03:00",10.1,"2026/01/20 18:43:00",620,101,"Experiment / Künstlich",1242
"Wasserstraße_Springorum","2026/01/20 17:45:00","2026/01/20 17:45:00",5.4,"2026/01/20 17:45:00",0,54,"Experiment / Künstlich",2
"Wasserstraße_Springorum","2026/01/20 15:59:00","2026/01/20 15:59:00",4.9,"2026/01/20 15:59:00",0,49,"Experiment / Künstlich",2
"Herzogstraße","2026/01/20 14:45:00","2026/01/20 14:56:00",12.5,"2026/01/20 14:45:00",11,125,"Experiment / Künstlich",24
"Wasserstraße_Springorum","2026/01/20 12:36:00","2026/01/20 12:36:00",1.7,"2026/01/20 12:36:00",0,17,"Experiment / Künstlich",2
"Herzogstraße","2026/01/20 12:19:00","2026/01/20 13:32:00",2.9,"2026/01/20 12:19:00",73,29,"Experiment / Künstlich",148
"Herzogstraße","2026/01/20 11:16:00","2026/01/20 11:22:00",21,"2026/01/20 11:16:00",6,210,"Experiment / Künstlich",14
"Wasserstraße_Springorum","2026/01/20 11:12:00","2026/01/20 11:12:00",5.2,"2026/01/20 11:12:00",0,52,"Experiment / Künstlich",2
"Herzogstraße","2026/01/20 10:40:00","2026/01/20 10:50:00",8.9,"2026/01/20 10:40:00",10,89,"Experiment / Künstlich",22
"Wasserstraße_Springorum","2026/01/20 08:16:00","2026/01/20 08:16:00",5.9,"2026/01/20 08:16:00",0,59,"Experiment / Künstlich",2
"Herzogstraße","2026/01/20 07:14:00","2026/01/20 08:13:00",20.2,"2026/01/20 07:14:00",59,202,"Experiment / Künstlich",120
"Wasserstraße_Springorum","2026/01/20 07:03:00","2026/01/20 07:03:00",4.7,"2026/01/20 07:03:00",0,47,"Experiment / Künstlich",2
"Herzogstraße","2026/01/20 06:13:00","2026/01/20 06:33:00",12.4,"2026/01/20 06:13:00",20,124,"Experiment / Künstlich",42
"Herzogstraße","2026/01/19 15:43:00","2026/01/19 20:05:00",20.9,"2026/01/19 16:25:00",262,0.496,"Regenereignis / Natürlich",526
"Herzogstraße","2026/01/19 10:15:00","2026/01/19 11:39:00",22.3,"2026/01/19 10:31:00",84,1.385,"Experiment / Künstlich",85
"Wasserstraße_Springorum","2026/01/19 09:06:00","2026/01/19 09:06:00",3.1,"2026/01/19 09:06:00",0,31,"Experiment / Künstlich",1
"Herzogstraße","2026/01/19 08:10:00","2026/01/19 09:03:00",7.4,"2026/01/19 08:10:00",53,74,"Experiment / Künstlich",54
"Herzogstraße","2026/01/19 06:50:00","2026/01/19 06:58:00",14,"2026/01/19 06:50:00",8,140,"Experiment / Künstlich",9
"Wasserstraße_Springorum","2026/01/18 13:01:00","2026/01/18 13:01:00",4.6,"2026/01/18 13:01:00",0,46,"Experiment / Künstlich",1
"Herzogstraße","2026/01/18 03:43:00","2026/01/18 11:49:00",20.6,"2026/01/18 03:43:00",486,206,"Experiment / Künstlich",487
"Herzogstraße","2026/01/17 16:09:00","2026/01/17 16:30:00",11.8,"2026/01/17 16:09:00",21,118,"Experiment / Künstlich",22
"Herzogstraße","2026/01/17 14:10:00","2026/01/17 15:40:00",13.7,"2026/01/17 14:10:00",90,137,"Experiment / Künstlich",91
"Herzogstraße","2026/01/17 13:30:00","2026/01/17 13:43:00",15.1,"2026/01/17 13:30:00",13,151,"Experiment / Künstlich",14
"Herzogstraße","2026/01/17 11:10:00","2026/01/17 12:28:00",21,"2026/01/17 11:26:00",78,1.304,"Experiment / Künstlich",79
"Herzogstraße","2026/01/17 10:07:00","2026/01/17 10:29:00",6.7,"2026/01/17 10:07:00",22,67,"Experiment / Künstlich",23
"Herzogstraße","2026/01/17 08:24:00","2026/01/17 09:14:00",4.1,"2026/01/17 08:24:00",50,41,"Experiment / Künstlich",51
"Herzogstraße","2026/01/17 03:41:00","2026/01/17 05:12:00",17.7,"2026/01/17 03:41:00",91,177,"Experiment / Künstlich",92
"Herzogstraße","2026/01/16 20:07:00","2026/01/17 00:00:00",12,"2026/01/16 20:07:00",233,120,"Experiment / Künstlich",234
"Herzogstraße","2026/01/16 17:31:00","2026/01/16 18:13:00",23.7,"2026/01/16 18:02:00",42,0.762,"Experiment / Künstlich",43
"Herzogstraße","2026/01/16 15:45:00","2026/01/16 16:52:00",25.2,"2026/01/16 15:45:00",67,252,"Experiment / Künstlich",68
"Herzogstraße","2026/01/16 13:18:00","2026/01/16 15:01:00",19.1,"2026/01/16 14:10:00",103,0.367,"Regenereignis / Natürlich",104
"Wasserstraße_Springorum","2026/01/16 12:03:00","2026/01/16 12:03:00",1.6,"2026/01/16 12:03:00",0,16,"Experiment / Künstlich",1
"Herzogstraße","2026/01/16 10:20:00","2026/01/16 10:34:00",15.5,"2026/01/16 10:20:00",14,155,"Experiment / Künstlich",15
"Herzogstraße","2026/01/16 05:50:00","2026/01/16 06:32:00",14.6,"2026/01/16 05:50:00",42,146,"Experiment / Künstlich",26
"Herzogstraße","2026/01/16 04:21:00","2026/01/16 05:14:00",18.8,"2026/01/16 04:21:00",53,188,"Experiment / Künstlich",54
"Herzogstraße","2026/01/15 14:47:00","2026/01/16 03:47:00",22.1,"2026/01/15 17:31:00",780,0.135,"Regenereignis / Natürlich",781
"Herzogstraße","2026/01/15 12:31:00","2026/01/15 13:26:00",23.3,"2026/01/15 12:31:00",55,233,"Experiment / Künstlich",56
"Herzogstraße","2026/01/15 11:53:00","2026/01/15 12:09:00",19.3,"2026/01/15 12:05:00",16,1.595,"Experiment / Künstlich",8
"Herzogstraße","2026/01/15 06:25:00","2026/01/15 06:46:00",9.8,"2026/01/15 06:25:00",21,98,"Experiment / Künstlich",22
"Herzogstraße","2026/01/15 00:00:00","2026/01/15 04:29:00",19.7,"2026/01/15 00:00:00",269,197,"Experiment / Künstlich",270
"Herzogstraße","2026/01/14 12:50:00","2026/01/14 13:45:00",3.8,"2026/01/14 13:38:00",55,0.079,"Regenereignis / Natürlich",46
"Herzogstraße","2026/01/14 10:47:00","2026/01/14 11:42:00",2.1,"2026/01/14 10:47:00",55,21,"Experiment / Künstlich",37
"Herzogstraße","2026/01/14 04:00:00","2026/01/14 07:20:00",2.7,"2026/01/14 05:36:00",200,0.028,"Regenereignis / Natürlich",96
"Herzogstraße","2026/01/14 02:40:00","2026/01/14 03:36:00",3.8,"2026/01/14 02:50:00",56,0.376,"Regenereignis / Natürlich",57
"Herzogstraße","2026/01/13 14:06:00","2026/01/13 14:07:00",2.9,"2026/01/13 14:06:00",1,29,"Experiment / Künstlich",2
"Herzogstraße","2026/01/13 09:56:00","2026/01/13 12:37:00",4,"2026/01/13 10:20:00",161,0.166,"Regenereignis / Natürlich",131
"Herzogstraße","2026/01/13 07:44:00","2026/01/13 09:23:00",4.1,"2026/01/13 08:24:00",99,0.102,"Regenereignis / Natürlich",92
"Herzogstraße","2026/01/13 06:22:00","2026/01/13 06:35:00",3.3,"2026/01/13 06:22:00",13,33,"Experiment / Künstlich",14
"An_der_Kost","2026/01/13 05:07:00","2026/01/13 05:07:00",3.9,"2026/01/13 05:07:00",0,39,"Experiment / Künstlich",1
"Herzogstraße","2026/01/12 20:49:00","2026/01/12 21:03:00",2.3,"2026/01/12 20:54:00",14,0.451,"Experiment / Künstlich",13
"Herzogstraße","2026/01/12 15:52:00","2026/01/12 19:04:00",3.2,"2026/01/12 18:51:00",192,0.018,"Regenereignis / Natürlich",162
"Herzogstraße","2026/01/12 13:47:00","2026/01/12 14:01:00",3.9,"2026/01/12 13:50:00",14,1.258,"Experiment / Künstlich",15
"Herzogstraße","2026/01/12 08:30:00","2026/01/12 08:30:00",2.3,"2026/01/12 08:30:00",0,23,"Experiment / Künstlich",1
"Herzogstraße","2026/01/12 07:10:00","2026/01/12 07:11:00",2.1,"2026/01/12 07:10:00",1,21,"Experiment / Künstlich",2
"Königsallee_Springorum","2026/01/12 02:57:00","2026/01/12 02:58:00",2.3,"2026/01/12 02:58:00",1,2.091,"Experiment / Künstlich",2
"Herzogstraße","2026/01/11 20:07:00","2026/01/12 04:29:00",3.8,"2026/01/12 03:20:00",502,0.009,"Regenereignis / Natürlich",472
"Herzogstraße","2026/01/11 16:47:00","2026/01/11 18:34:00",2.8,"2026/01/11 16:47:00",107,28,"Experiment / Künstlich",108
"Herzogstraße","2026/01/11 13:16:00","2026/01/11 13:18:00",2.2,"2026/01/11 13:17:00",2,2,"Experiment / Künstlich",3
"Herzogstraße","2026/01/11 10:18:00","2026/01/11 12:36:00",3.2,"2026/01/11 12:35:00",138,0.023,"Regenereignis / Natürlich",136
"Herzogstraße","2026/01/11 07:56:00","2026/01/11 09:04:00",3.2,"2026/01/11 09:00:00",68,0.05,"Regenereignis / Natürlich",61
"Herzogstraße","2026/01/10 05:23:00","2026/01/11 07:21:00",3.9,"2026/01/10 12:13:00",1558,0.01,"Regenereignis / Natürlich",1427
"Herzogstraße","2026/01/09 23:23:00","2026/01/09 23:23:00",4.6,"2026/01/09 23:23:00",0,46,"Experiment / Künstlich",1
"Herzogstraße","2026/01/09 16:53:00","2026/01/09 16:54:00",1.8,"2026/01/09 16:53:00",1,18,"Experiment / Künstlich",2
"Herzogstraße","2026/01/09 14:47:00","2026/01/09 16:27:00",3.7,"2026/01/09 15:57:00",100,0.053,"Regenereignis / Natürlich",42
"Herzogstraße","2026/01/09 13:36:00","2026/01/09 14:13:00",2,"2026/01/09 13:55:00",37,0.105,"Regenereignis / Natürlich",5
"Herzogstraße","2026/01/09 13:15:00","2026/01/09 13:15:00",1.7,"2026/01/09 13:15:00",0,17,"Experiment / Künstlich",1
"Herzogstraße","2026/01/09 12:47:00","2026/01/09 12:52:00",2,"2026/01/09 12:47:00",5,20,"Experiment / Künstlich",2
"Herzogstraße","2026/01/09 12:17:00","2026/01/09 12:17:00",2,"2026/01/09 12:17:00",0,20,"Experiment / Künstlich",1
"Herzogstraße","2026/01/09 04:58:00","2026/01/09 11:45:00",4.4,"2026/01/09 05:38:00",407,0.11,"Regenereignis / Natürlich",351
"Herzogstraße","2026/01/09 03:44:00","2026/01/09 04:01:00",2.5,"2026/01/09 03:45:00",17,2.273,"Experiment / Künstlich",18
"Herzogstraße","2026/01/09 01:22:00","2026/01/09 02:09:00",2.6,"2026/01/09 01:50:00",47,0.093,"Regenereignis / Natürlich",34
"Herzogstraße","2026/01/08 23:01:00","2026/01/09 00:30:00",2.3,"2026/01/09 00:09:00",89,0.034,"Regenereignis / Natürlich",47
"Königsallee_Springorum","2026/01/07 14:32:00","2026/01/07 14:32:00",1.8,"2026/01/07 14:32:00",0,18,"Experiment / Künstlich",1
"Herzogstraße","2026/01/05 19:45:00","2026/01/05 20:02:00",1.8,"2026/01/05 19:45:00",17,18,"Experiment / Künstlich",18
"Herzogstraße","2026/01/05 17:13:00","2026/01/05 19:04:00",3.8,"2026/01/05 17:39:00",111,0.146,"Regenereignis / Natürlich",112
"Herzogstraße","2026/01/04 10:46:00","2026/01/04 10:46:00",1.9,"2026/01/04 10:46:00",0,19,"Experiment / Künstlich",1
"Herzogstraße","2026/01/04 06:23:00","2026/01/04 06:23:00",2,"2026/01/04 06:23:00",0,20,"Experiment / Künstlich",1
"Herzogstraße","2026/01/04 02:10:00","2026/01/04 02:13:00",2.3,"2026/01/04 02:10:00",3,23,"Experiment / Künstlich",4
"Herzogstraße","2026/01/04 01:20:00","2026/01/04 01:27:00",2.3,"2026/01/04 01:20:00",7,23,"Experiment / Künstlich",7
"Königsallee_Springorum","2026/01/03 21:53:00","2026/01/03 21:57:00",3.2,"2026/01/03 21:55:00",4,1.524,"Experiment / Künstlich",5
"Herzogstraße","2026/01/03 21:34:00","2026/01/03 21:35:00",2.7,"2026/01/03 21:34:00",1,27,"Experiment / Künstlich",2
"Herzogstraße","2026/01/03 16:31:00","2026/01/03 16:31:00",1.6,"2026/01/03 16:31:00",0,16,"Experiment / Künstlich",1
"Herzogstraße","2026/01/03 13:47:00","2026/01/03 13:47:00",2.2,"2026/01/03 13:47:00",0,22,"Experiment / Künstlich",1
"Herzogstraße","2026/01/02 14:53:00","2026/01/02 14:54:00",4.1,"2026/01/02 14:53:00",1,41,"Experiment / Künstlich",2
"Herzogstraße","2026/01/02 07:35:00","2026/01/02 07:36:00",1.9,"2026/01/02 07:35:00",1,19,"Experiment / Künstlich",2
"Herzogstraße","2026/01/02 05:27:00","2026/01/02 06:41:00",2.8,"2026/01/02 05:27:00",74,28,"Experiment / Künstlich",63
"Herzogstraße","2025/12/31 23:00:00","2026/01/01 00:34:00",3.3,"2025/12/31 23:00:00",94,33,"Experiment / Künstlich",95
"Herzogstraße","2025/12/31 20:01:00","2025/12/31 20:01:00",1.8,"2025/12/31 20:01:00",0,18,"Experiment / Künstlich",1
"Herzogstraße","2025/12/31 17:45:00","2025/12/31 18:01:00",1.7,"2025/12/31 17:45:00",16,17,"Experiment / Künstlich",4
"Herzogstraße","2025/12/31 17:10:00","2025/12/31 17:14:00",1.9,"2025/12/31 17:10:00",4,19,"Experiment / Künstlich",5
"Herzogstraße","2025/12/30 03:14:00","2025/12/30 03:14:00",1.8,"2025/12/30 03:14:00",0,18,"Experiment / Künstlich",1
"Herzogstraße","2025/12/30 02:35:00","2025/12/30 02:45:00",2,"2025/12/30 02:35:00",10,20,"Experiment / Künstlich",2
"Herzogstraße","2025/12/29 22:30:00","2025/12/29 22:34:00",1.9,"2025/12/29 22:32:00",4,0.905,"Experiment / Künstlich",4
"Herzogstraße","2025/12/29 21:17:00","2025/12/29 22:04:00",2.1,"2025/12/29 21:31:00",47,0.149,"Regenereignis / Natürlich",16
"Herzogstraße","2025/12/29 20:11:00","2025/12/29 20:25:00",1.9,"2025/12/29 20:11:00",14,19,"Experiment / Künstlich",6
"Herzogstraße","2025/12/29 19:47:00","2025/12/29 19:47:00",1.6,"2025/12/29 19:47:00",0,16,"Experiment / Künstlich",1
"Herzogstraße","2025/12/29 16:29:00","2025/12/29 17:49:00",2.8,"2025/12/29 17:25:00",80,0.05,"Regenereignis / Natürlich",34
"Herzogstraße","2025/12/29 15:41:00","2025/12/29 15:58:00",3,"2025/12/29 15:48:00",17,0.423,"Experiment / Künstlich",18
"Herzogstraße","2025/12/29 14:28:00","2025/12/29 14:54:00",2.1,"2025/12/29 14:38:00",26,0.208,"Experiment / Künstlich",21
"Herzogstraße","2025/12/28 19:29:00","2025/12/28 23:59:00",8.7,"2025/12/28 19:29:00",270,87,"Experiment / Künstlich",271
"Herzogstraße","2025/12/28 11:26:00","2025/12/28 17:37:00",27.5,"2025/12/28 11:26:00",371,275,"Experiment / Künstlich",372
"Wasserstraße_Springorum","2025/12/27 16:03:00","2025/12/27 16:03:00",5,"2025/12/27 16:03:00",0,50,"Experiment / Künstlich",1
"Herzogstraße","2025/12/27 14:08:00","2025/12/27 18:03:00",17.6,"2025/12/27 14:45:00",235,0.474,"Regenereignis / Natürlich",236
"Herzogstraße","2025/12/27 09:39:00","2025/12/27 12:28:00",7.6,"2025/12/27 09:39:00",169,76,"Experiment / Künstlich",170
"Herzogstraße","2025/12/26 14:35:00","2025/12/26 17:15:00",29.6,"2025/12/26 14:35:00",160,296,"Experiment / Künstlich",161
"Wasserstraße_Springorum","2025/12/25 20:43:00","2025/12/25 20:43:00",4.7,"2025/12/25 20:43:00",0,47,"Experiment / Künstlich",1
"Herzogstraße","2025/12/25 15:36:00","2025/12/26 11:51:00",28.5,"2025/12/25 15:45:00",1215,3.132,"Experiment / Künstlich",1216
"Herzogstraße","2025/12/25 13:37:00","2025/12/25 13:59:00",11.8,"2025/12/25 13:37:00",22,118,"Experiment / Künstlich",23
"Herzogstraße","2025/12/24 22:32:00","2025/12/24 23:51:00",16.6,"2025/12/24 22:32:00",79,166,"Experiment / Künstlich",80
"Herzogstraße","2025/12/24 14:21:00","2025/12/24 18:20:00",17.1,"2025/12/24 14:21:00",239,171,"Experiment / Künstlich",240
"Herzogstraße","2025/12/24 06:27:00","2025/12/24 06:31:00",13.8,"2025/12/24 06:27:00",4,138,"Experiment / Künstlich",5
"Herzogstraße","2025/12/23 14:21:00","2025/12/23 14:33:00",9.3,"2025/12/23 14:21:00",12,93,"Experiment / Künstlich",13
"Herzogstraße","2025/12/23 10:02:00","2025/12/23 11:44:00",22.8,"2025/12/23 10:02:00",102,228,"Experiment / Künstlich",103
"Herzogstraße","2025/12/23 08:03:00","2025/12/23 08:29:00",17.9,"2025/12/23 08:03:00",26,179,"Experiment / Künstlich",27
"Herzogstraße","2025/12/23 07:02:00","2025/12/23 07:39:00",7.4,"2025/12/23 07:02:00",37,74,"Experiment / Künstlich",38
"Herzogstraße","2025/12/22 19:38:00","2025/12/22 20:23:00",17.3,"2025/12/22 19:38:00",45,173,"Experiment / Künstlich",46
"Herzogstraße","2025/12/22 16:25:00","2025/12/22 18:23:00",14.1,"2025/12/22 16:25:00",118,141,"Experiment / Künstlich",119
"Herzogstraße","2025/12/22 14:46:00","2025/12/22 15:02:00",10.3,"2025/12/22 14:46:00",16,103,"Experiment / Künstlich",17
"Herzogstraße","2025/12/22 12:59:00","2025/12/22 14:22:00",14.4,"2025/12/22 13:32:00",83,0.435,"Regenereignis / Natürlich",77
"Herzogstraße","2025/12/22 11:00:00","2025/12/22 12:14:00",12.4,"2025/12/22 11:00:00",74,124,"Experiment / Künstlich",75
"Herzogstraße","2025/12/22 09:15:00","2025/12/22 10:07:00",12.7,"2025/12/22 09:15:00",52,127,"Experiment / Künstlich",53
"Herzogstraße","2025/12/22 07:48:00","2025/12/22 08:20:00",16.4,"2025/12/22 07:48:00",32,164,"Experiment / Künstlich",33
"Herzogstraße","2025/12/22 06:38:00","2025/12/22 07:20:00",4.4,"2025/12/22 06:38:00",42,44,"Experiment / Künstlich",43
"Herzogstraße","2025/12/22 00:00:00","2025/12/22 02:22:00",2.7,"2025/12/22 00:00:00",142,27,"Experiment / Künstlich",143
"Herzogstraße","2025/12/21 05:12:00","2025/12/21 07:53:00",14.2,"2025/12/21 05:12:00",161,142,"Experiment / Künstlich",162
"Herzogstraße","2025/12/20 11:34:00","2025/12/20 14:23:00",1.8,"2025/12/20 11:34:00",169,18,"Experiment / Künstlich",170
"Herzogstraße","2025/12/19 16:26:00","2025/12/19 16:52:00",5.6,"2025/12/19 16:26:00",26,56,"Experiment / Künstlich",27
"Herzogstraße","2025/12/19 14:32:00","2025/12/19 14:56:00",4.3,"2025/12/19 14:32:00",24,43,"Experiment / Künstlich",25
"Wasserstraße_Springorum","2025/12/18 16:26:00","2025/12/18 16:26:00",2.9,"2025/12/18 16:26:00",0,29,"Experiment / Künstlich",1
"Herzogstraße","2025/12/18 15:55:00","2025/12/18 17:14:00",8,"2025/12/18 15:55:00",79,80,"Experiment / Künstlich",80
"Herzogstraße","2025/12/18 12:38:00","2025/12/18 12:42:00",16.3,"2025/12/18 12:38:00",4,163,"Experiment / Künstlich",5
"Herzogstraße","2025/12/18 10:04:00","2025/12/18 11:09:00",20.7,"2025/12/18 10:04:00",65,207,"Experiment / Künstlich",66
"Herzogstraße","2025/12/17 15:06:00","2025/12/17 15:11:00",25.4,"2025/12/17 15:06:00",5,254,"Experiment / Künstlich",6
"Herzogstraße","2025/12/17 12:38:00","2025/12/17 12:50:00",8.2,"2025/12/17 12:38:00",12,82,"Experiment / Künstlich",13
"Herzogstraße","2025/12/17 11:34:00","2025/12/17 12:02:00",15.6,"2025/12/17 11:34:00",28,156,"Experiment / Künstlich",29
"Wasserstraße_Springorum","2025/12/17 11:10:00","2025/12/17 11:10:00",1.9,"2025/12/17 11:10:00",0,19,"Experiment / Künstlich",1
"Herzogstraße","2025/12/17 10:42:00","2025/12/17 11:12:00",6.3,"2025/12/17 10:42:00",30,63,"Experiment / Künstlich",31
"Herzogstraße","2025/12/17 07:35:00","2025/12/17 08:50:00",10.7,"2025/12/17 08:32:00",75,0.187,"Regenereignis / Natürlich",66
"Herzogstraße","2025/12/16 16:39:00","2025/12/17 02:00:00",9.5,"2025/12/16 16:39:00",561,95,"Experiment / Künstlich",562
"Herzogstraße","2025/12/16 14:26:00","2025/12/16 14:50:00",29.4,"2025/12/16 14:39:00",24,2.244,"Experiment / Künstlich",25
"Herzogstraße","2025/12/16 10:52:00","2025/12/16 11:08:00",15.7,"2025/12/16 10:52:00",16,157,"Experiment / Künstlich",17
"Herzogstraße","2025/12/16 06:52:00","2025/12/16 07:27:00",8.5,"2025/12/16 06:52:00",35,85,"Experiment / Künstlich",36
"Herzogstraße","2025/12/15 17:21:00","2025/12/15 18:09:00",3.7,"2025/12/15 17:21:00",48,37,"Experiment / Künstlich",49
"Herzogstraße","2025/12/15 11:06:00","2025/12/15 11:09:00",8.2,"2025/12/15 11:06:00",3,82,"Experiment / Künstlich",4
"Herzogstraße","2025/12/15 09:01:00","2025/12/15 09:08:00",14.3,"2025/12/15 09:01:00",7,143,"Experiment / Künstlich",8
"Herzogstraße","2025/12/15 08:21:00","2025/12/15 08:32:00",13.5,"2025/12/15 08:21:00",11,135,"Experiment / Künstlich",12
"Wasserstraße_Springorum","2025/12/12 09:27:00","2025/12/12 09:30:00",1.7,"2025/12/12 09:27:00",3,17,"Experiment / Künstlich",4
"Wasserstraße_Springorum","2025/12/11 09:15:00","2025/12/11 09:15:00",2.2,"2025/12/11 09:15:00",0,22,"Experiment / Künstlich",1
"Wasserstraße_Springorum","2025/12/10 07:58:00","2025/12/10 07:58:00",2.8,"2025/12/10 07:58:00",0,28,"Experiment / Künstlich",1
"Wasserstraße_Springorum","2025/12/10 05:38:00","2025/12/10 07:32:00",2.7,"2025/12/10 07:27:00",114,0.025,"Regenereignis / Natürlich",77
"Herzogstraße","2025/12/10 02:07:00","2025/12/10 06:57:00",3.5,"2025/12/10 02:14:00",290,0.493,"Regenereignis / Natürlich",270
"Wasserstraße_Springorum","2025/12/09 22:38:00","2025/12/09 22:38:00",2.1,"2025/12/09 22:38:00",0,21,"Experiment / Künstlich",1
"Wasserstraße_Springorum","2025/12/09 05:36:00","2025/12/09 05:56:00",3.6,"2025/12/09 05:41:00",20,0.706,"Experiment / Künstlich",8
"Herzogstraße","2025/12/09 05:21:00","2025/12/09 09:02:00",3.3,"2025/12/09 07:45:00",221,0.023,"Regenereignis / Natürlich",151
"Wasserstraße_Springorum","2025/12/09 03:12:00","2025/12/09 03:17:00",3.7,"2025/12/09 03:13:00",5,3.364,"Experiment / Künstlich",6
"Herzogstraße","2025/12/08 17:49:00","2025/12/08 20:15:00",3.2,"2025/12/08 17:56:00",146,0.451,"Regenereignis / Natürlich",132
"Herzogstraße","2025/12/08 16:16:00","2025/12/08 16:52:00",2.6,"2025/12/08 16:52:00",36,0.072,"Experiment / Künstlich",6
"Herzogstraße","2025/12/08 14:22:00","2025/12/08 15:24:00",2.3,"2025/12/08 14:52:00",62,0.076,"Regenereignis / Natürlich",26
"Herzogstraße","2025/12/08 13:56:00","2025/12/08 14:00:00",1.9,"2025/12/08 13:56:00",4,19,"Experiment / Künstlich",2
"Wasserstraße_Springorum","2025/12/08 13:55:00","2025/12/08 14:00:00",4.2,"2025/12/08 13:59:00",5,1.024,"Experiment / Künstlich",6
"Herzogstraße","2025/12/08 13:01:00","2025/12/08 13:19:00",2.5,"2025/12/08 13:19:00",18,0.138,"Experiment / Künstlich",2
"Herzogstraße","2025/12/08 12:15:00","2025/12/08 12:39:00",2.7,"2025/12/08 12:39:00",24,0.112,"Experiment / Künstlich",19
"Wasserstraße_Springorum","2025/12/08 11:53:00","2025/12/08 11:57:00",4.2,"2025/12/08 11:56:00",4,1.355,"Experiment / Künstlich",5
"Wasserstraße_Springorum","2025/12/08 11:13:00","2025/12/08 11:18:00",4.2,"2025/12/08 11:14:00",5,3.818,"Experiment / Künstlich",6
"Herzogstraße","2025/12/08 10:51:00","2025/12/08 10:51:00",2.8,"2025/12/08 10:51:00",0,28,"Experiment / Künstlich",1
"Herzogstraße","2025/12/08 10:05:00","2025/12/08 10:11:00",2.5,"2025/12/08 10:08:00",6,0.806,"Experiment / Künstlich",6
"Wasserstraße_Springorum","2025/12/08 10:01:00","2025/12/08 10:21:00",4.9,"2025/12/08 10:20:00",20,0.257,"Experiment / Künstlich",8
"Wasserstraße_Springorum","2025/12/08 07:08:00","2025/12/08 07:11:00",1.7,"2025/12/08 07:08:00",3,17,"Experiment / Künstlich",3
"Wasserstraße_Springorum","2025/12/08 06:36:00","2025/12/08 06:36:00",1.6,"2025/12/08 06:36:00",0,16,"Experiment / Künstlich",1
"Herzogstraße","2025/12/08 05:46:00","2025/12/08 06:10:00",2.7,"2025/12/08 05:56:00",24,0.267,"Experiment / Künstlich",19
"Herzogstraße","2025/12/08 04:51:00","2025/12/08 05:14:00",2,"2025/12/08 04:53:00",23,0.952,"Experiment / Künstlich",16
"Wasserstraße_Springorum","2025/12/08 01:42:00","2025/12/08 05:34:00",5.8,"2025/12/08 05:17:00",232,0.027,"Regenereignis / Natürlich",168
"Wasserstraße_Springorum","2025/12/08 00:26:00","2025/12/08 00:30:00",3.8,"2025/12/08 00:30:00",4,0.927,"Experiment / Künstlich",5
"Wasserstraße_Springorum","2025/12/07 22:19:00","2025/12/07 22:23:00",3.6,"2025/12/07 22:19:00",4,36,"Experiment / Künstlich",5
"Herzogstraße","2025/12/07 20:06:00","2025/12/07 20:09:00",1.8,"2025/12/07 20:06:00",3,18,"Experiment / Künstlich",2
"Wasserstraße_Springorum","2025/12/07 15:59:00","2025/12/07 16:02:00",1.8,"2025/12/07 15:59:00",3,18,"Experiment / Künstlich",4
"Wasserstraße_Springorum","2025/12/07 15:06:00","2025/12/07 15:14:00",2.1,"2025/12/07 15:14:00",8,0.259,"Experiment / Künstlich",4
"Wasserstraße_Springorum","2025/12/07 14:18:00","2025/12/07 14:18:00",2.5,"2025/12/07 14:18:00",0,25,"Experiment / Künstlich",1
"Wasserstraße_Springorum","2025/12/07 13:50:00","2025/12/07 13:55:00",5.2,"2025/12/07 13:55:00",5,1.02,"Experiment / Künstlich",6
"Wasserstraße_Springorum","2025/12/07 09:41:00","2025/12/07 09:45:00",3.9,"2025/12/07 09:45:00",4,0.951,"Experiment / Künstlich",5
"Wasserstraße_Springorum","2025/12/07 04:06:00","2025/12/07 04:10:00",3.5,"2025/12/07 04:06:00",4,35,"Experiment / Künstlich",5
"Herzogstraße","2025/12/06 21:32:00","2025/12/06 21:32:00",1.7,"2025/12/06 21:32:00",0,17,"Experiment / Künstlich",1
"Wasserstraße_Springorum","2025/12/06 13:04:00","2025/12/06 14:46:00",3.8,"2025/12/06 13:39:00",102,0.108,"Regenereignis / Natürlich",48
"Herzogstraße","2025/12/06 11:30:00","2025/12/06 12:43:00",2.1,"2025/12/06 11:33:00",73,0.677,"Experiment / Künstlich",73
"Herzogstraße","2025/12/06 10:30:00","2025/12/06 10:51:00",2.2,"2025/12/06 10:30:00",21,22,"Experiment / Künstlich",22
"Herzogstraße","2025/12/06 04:45:00","2025/12/06 04:57:00",2,"2025/12/06 04:46:00",12,1.818,"Experiment / Künstlich",4
"Wasserstraße_Springorum","2025/12/06 04:05:00","2025/12/06 04:09:00",3.7,"2025/12/06 04:06:00",4,3.364,"Experiment / Künstlich",5
"Wasserstraße_Springorum","2025/12/06 03:12:00","2025/12/06 03:12:00",1.6,"2025/12/06 03:12:00",0,16,"Experiment / Künstlich",1
"Wasserstraße_Springorum","2025/12/05 21:20:00","2025/12/05 21:20:00",1.7,"2025/12/05 21:20:00",0,17,"Experiment / Künstlich",1
"Wasserstraße_Springorum","2025/12/05 14:20:00","2025/12/05 14:20:00",4.8,"2025/12/05 14:20:00",0,48,"Experiment / Künstlich",1
"Wasserstraße_Springorum","2025/12/05 12:30:00","2025/12/05 12:30:00",1.9,"2025/12/05 12:30:00",0,19,"Experiment / Künstlich",1
"Wasserstraße_Springorum","2025/12/05 07:02:00","2025/12/05 07:13:00",4.1,"2025/12/05 07:12:00",11,0.406,"Experiment / Künstlich",12
"Wasserstraße_Springorum","2025/12/04 13:48:00","2025/12/04 13:48:00",2.1,"2025/12/04 13:48:00",0,21,"Experiment / Künstlich",1
"Wasserstraße_Springorum","2025/12/04 06:09:00","2025/12/04 06:14:00",4.3,"2025/12/04 06:14:00",5,0.843,"Experiment / Künstlich",6
"Wasserstraße_Springorum","2025/12/04 05:10:00","2025/12/04 05:15:00",4.1,"2025/12/04 05:14:00",5,1,"Experiment / Künstlich",6
"Herzogstraße","2025/12/04 01:09:00","2025/12/04 01:09:00",1.6,"2025/12/04 01:09:00",0,16,"Experiment / Künstlich",1
"Herzogstraße","2025/12/04 00:35:00","2025/12/04 00:37:00",1.7,"2025/12/04 00:35:00",2,17,"Experiment / Künstlich",2
"Herzogstraße","2025/12/03 22:22:00","2025/12/03 22:38:00",1.9,"2025/12/03 22:23:00",16,1.727,"Experiment / Künstlich",6
"Wasserstraße_Springorum","2025/12/03 06:45:00","2025/12/03 06:57:00",1.6,"2025/12/03 06:45:00",12,16,"Experiment / Künstlich",2
"Wasserstraße_Springorum","2025/12/03 05:51:00","2025/12/03 05:51:00",2.7,"2025/12/03 05:51:00",0,27,"Experiment / Künstlich",1
"Wasserstraße_Springorum","2025/12/03 02:19:00","2025/12/03 04:56:00",5.8,"2025/12/03 03:22:00",157,0.092,"Regenereignis / Natürlich",111
"Wasserstraße_Springorum","2025/12/03 01:53:00","2025/12/03 01:53:00",1.6,"2025/12/03 01:53:00",0,16,"Experiment / Künstlich",1
"Wasserstraße_Springorum","2025/12/03 01:20:00","2025/12/03 01:20:00",1.6,"2025/12/03 01:20:00",0,16,"Experiment / Künstlich",1
"Wasserstraße_Springorum","2025/12/02 16:19:00","2025/12/02 16:19:00",2.1,"2025/12/02 16:19:00",0,21,"Experiment / Künstlich",1
"Wasserstraße_Springorum","2025/12/02 13:52:00","2025/12/02 13:52:00",1.8,"2025/12/02 13:52:00",0,18,"Experiment / Künstlich",1
"Herzogstraße","2025/12/02 12:19:00","2025/12/02 12:20:00",1.9,"2025/12/02 12:19:00",1,19,"Experiment / Künstlich",2
"Wasserstraße_Springorum","2025/12/02 11:01:00","2025/12/02 11:06:00",4.4,"2025/12/02 11:04:00",5,1.419,"Experiment / Künstlich",6
"Herzogstraße","2025/12/02 10:36:00","2025/12/02 11:42:00",2.7,"2025/12/02 10:36:00",66,27,"Experiment / Künstlich",42
"Herzogstraße","2025/12/02 10:07:00","2025/12/02 10:11:00",1.6,"2025/12/02 10:07:00",4,16,"Experiment / Künstlich",2
"Wasserstraße_Springorum","2025/12/02 05:41:00","2025/12/02 06:10:00",4.9,"2025/12/02 06:08:00",29,0.181,"Experiment / Künstlich",18
"Wasserstraße_Springorum","2025/12/01 21:45:00","2025/12/01 21:45:00",1.8,"2025/12/01 21:45:00",0,18,"Experiment / Künstlich",1
"Wasserstraße_Springorum","2025/12/01 20:42:00","2025/12/01 20:42:00",1.7,"2025/12/01 20:42:00",0,17,"Experiment / Künstlich",1
"Wasserstraße_Springorum","2025/12/01 11:15:00","2025/12/01 11:15:00",1.6,"2025/12/01 11:15:00",0,16,"Experiment / Künstlich",1
"Wasserstraße_Springorum","2025/11/30 19:59:00","2025/11/30 19:59:00",1.6,"2025/11/30 19:59:00",0,16,"Experiment / Künstlich",1
"Wasserstraße_Springorum","2025/11/30 16:16:00","2025/11/30 16:28:00",1.8,"2025/11/30 16:21:00",12,0.353,"Regenereignis / Natürlich",3
"Wasserstraße_Springorum","2025/11/29 11:06:00","2025/11/29 11:06:00",2,"2025/11/29 11:06:00",0,20,"Experiment / Künstlich",1
"Herzogstraße","2025/11/29 10:11:00","2025/11/29 11:00:00",5.8,"2025/11/29 10:11:00",49,58,"Experiment / Künstlich",50
"Wasserstraße_Springorum","2025/11/29 09:25:00","2025/11/29 09:25:00",2.7,"2025/11/29 09:25:00",0,27,"Experiment / Künstlich",1
"Herzogstraße","2025/11/29 08:13:00","2025/11/29 09:33:00",3.5,"2025/11/29 08:13:00",80,35,"Experiment / Künstlich",81
"Wasserstraße_Springorum","2025/11/29 03:00:00","2025/11/29 03:05:00",4.7,"2025/11/29 03:00:00",5,47,"Experiment / Künstlich",6
"Wasserstraße_Springorum","2025/11/28 23:28:00","2025/11/28 23:33:00",3.6,"2025/11/28 23:32:00",5,0.878,"Experiment / Künstlich",6
"Herzogstraße","2025/11/28 12:22:00","2025/11/28 12:22:00",1.6,"2025/11/28 12:22:00",0,16,"Experiment / Künstlich",1
"Herzogstraße","2025/11/28 11:08:00","2025/11/28 11:10:00",2,"2025/11/28 11:10:00",2,0.952,"Experiment / Künstlich",2
"Wasserstraße_Springorum","2025/11/28 06:57:00","2025/11/28 07:02:00",2.5,"2025/11/28 07:02:00",5,0.49,"Experiment / Künstlich",5
"Wasserstraße_Springorum","2025/11/28 01:54:00","2025/11/28 01:54:00",4.9,"2025/11/28 01:54:00",0,49,"Experiment / Künstlich",1
"Wasserstraße_Springorum","2025/11/27 17:20:00","2025/11/27 17:20:00",1.6,"2025/11/27 17:20:00",0,16,"Experiment / Künstlich",1
"Wasserstraße_Springorum","2025/11/27 14:25:00","2025/11/27 14:25:00",1.8,"2025/11/27 14:25:00",0,18,"Experiment / Künstlich",1
"An_der_Kost","2025/11/27 06:05:00","2025/11/27 06:05:00",4.8,"2025/11/27 06:05:00",0,48,"Experiment / Künstlich",1
"Wasserstraße_Springorum","2025/11/26 20:52:00","2025/11/26 20:52:00",4.9,"2025/11/26 20:52:00",0,49,"Experiment / Künstlich",1
"Wasserstraße_Springorum","2025/11/26 13:03:00","2025/11/26 13:03:00",3.2,"2025/11/26 13:03:00",0,32,"Experiment / Künstlich",1
"Herzogstraße","2025/11/25 15:34:00","2025/11/25 15:34:00",2.7,"2025/11/25 15:34:00",0,27,"Experiment / Künstlich",1
"Herzogstraße","2025/11/25 13:46:00","2025/11/25 14:23:00",2.8,"2025/11/25 13:46:00",37,28,"Experiment / Künstlich",5
"Herzogstraße","2025/11/25 11:59:00","2025/11/25 11:59:00",2.6,"2025/11/25 11:59:00",0,26,"Experiment / Künstlich",1
"Herzogstraße","2025/11/24 20:34:00","2025/11/24 20:40:00",5.1,"2025/11/24 20:34:00",6,51,"Experiment / Künstlich",7
"Herzogstraße","2025/11/24 14:34:00","2025/11/24 14:36:00",1.9,"2025/11/24 14:34:00",2,19,"Experiment / Künstlich",2
"Wasserstraße_Springorum","2025/11/24 14:12:00","2025/11/24 14:24:00",4.2,"2025/11/24 14:19:00",12,0.592,"Experiment / Künstlich",12
"Wasserstraße_Springorum","2025/11/24 13:39:00","2025/11/24 13:42:00",4.1,"2025/11/24 13:41:00",3,1.952,"Experiment / Künstlich",4
"Wasserstraße_Springorum","2025/11/22 14:27:00","2025/11/22 14:27:00",1.6,"2025/11/22 14:27:00",0,16,"Experiment / Künstlich",1
"Wasserbaulabor_2","2025/11/20 11:10:15","2025/11/22 08:41:45",29.9,"2025/11/20 20:12:45",2731.5,0.055,"Regenereignis / Natürlich",9531
"Herzogstraße","2025/11/20 07:06:00","2025/11/20 07:06:00",1.8,"2025/11/20 07:06:00",0,18,"Experiment / Künstlich",1
"Herzogstraße","2025/11/19 20:22:00","2025/11/19 20:26:00",1.9,"2025/11/19 20:26:00",4,0.463,"Regenereignis / Natürlich",2
"Herzogstraße","2025/11/19 20:01:00","2025/11/19 20:01:00",1.6,"2025/11/19 20:01:00",0,16,"Experiment / Künstlich",1
"Herzogstraße","2025/11/19 17:37:00","2025/11/19 17:37:00",1.8,"2025/11/19 17:37:00",0,18,"Experiment / Künstlich",1
"Herzogstraße","2025/11/19 14:43:00","2025/11/19 14:43:00",1.6,"2025/11/19 14:43:00",0,16,"Experiment / Künstlich",1
"Herzogstraße","2025/11/19 12:37:00","2025/11/19 13:30:00",2,"2025/11/19 12:57:00",53,0.1,"Regenereignis / Natürlich",10
"Herzogstraße","2025/11/19 09:29:00","2025/11/19 09:29:00",2.1,"2025/11/19 09:29:00",0,21,"Experiment / Künstlich",1
"Herzogstraße","2025/11/19 03:48:00","2025/11/19 03:48:00",1.7,"2025/11/19 03:48:00",0,17,"Experiment / Künstlich",1
"Herzogstraße","2025/11/18 21:23:00","2025/11/19 01:15:00",4.1,"2025/11/18 22:36:00",232,0.056,"Regenereignis / Natürlich",182
"Herzogstraße","2025/11/18 20:13:00","2025/11/18 20:15:00",5.7,"2025/11/18 20:13:00",2,57,"Experiment / Künstlich",2
"Herzogstraße","2025/11/18 18:47:00","2025/11/18 19:21:00",2.3,"2025/11/18 18:50:00",34,0.742,"Experiment / Künstlich",33
"Herzogstraße","2025/11/18 17:10:00","2025/11/18 18:12:00",3.4,"2025/11/18 17:49:00",62,0.087,"Regenereignis / Natürlich",47
"Herzogstraße","2025/11/18 15:53:00","2025/11/18 15:53:00",1.6,"2025/11/18 15:53:00",0,16,"Experiment / Künstlich",1
"Herzogstraße","2025/11/18 15:29:00","2025/11/18 15:29:00",1.6,"2025/11/18 15:29:00",0,16,"Experiment / Künstlich",1
"Herzogstraße","2025/11/18 14:07:00","2025/11/18 14:43:00",1.8,"2025/11/18 14:07:00",36,18,"Experiment / Künstlich",6
"Herzogstraße","2025/11/18 12:21:00","2025/11/18 12:22:00",1.8,"2025/11/18 12:21:00",1,18,"Experiment / Künstlich",2
"Herzogstraße","2025/11/18 09:50:00","2025/11/18 11:05:00",3.2,"2025/11/18 10:13:00",75,0.139,"Regenereignis / Natürlich",50
"Herzogstraße","2025/11/18 07:20:00","2025/11/18 07:20:00",1.7,"2025/11/18 07:20:00",0,17,"Experiment / Künstlich",1
"Herzogstraße","2025/11/17 14:06:00","2025/11/17 15:35:00",3.2,"2025/11/17 14:17:00",89,0.288,"Regenereignis / Natürlich",52
"An_der_Kost","2025/11/17 13:30:00","2025/11/17 13:46:00",2.2,"2025/11/17 13:30:00",16,22,"Experiment / Künstlich",3
"Herzogstraße","2025/11/17 13:10:00","2025/11/17 13:18:00",3.2,"2025/11/17 13:11:00",8,2.909,"Experiment / Künstlich",5
"Herzogstraße","2025/11/17 06:37:00","2025/11/17 11:15:00",4,"2025/11/17 07:48:00",278,0.056,"Regenereignis / Natürlich",261
"Herzogstraße","2025/11/17 06:08:00","2025/11/17 06:15:00",2.7,"2025/11/17 06:08:00",7,27,"Experiment / Künstlich",7
"Herzogstraße","2025/11/17 04:15:00","2025/11/17 05:38:00",3.5,"2025/11/17 04:43:00",83,0.125,"Regenereignis / Natürlich",67
"Herzogstraße","2025/11/16 23:21:00","2025/11/16 23:48:00",1.6,"2025/11/16 23:21:00",27,16,"Experiment / Künstlich",3
"Herzogstraße","2025/11/16 17:25:00","2025/11/16 22:48:00",4.2,"2025/11/16 17:48:00",323,0.182,"Regenereignis / Natürlich",319
"Herzogstraße","2025/11/16 14:34:00","2025/11/16 14:34:00",1.9,"2025/11/16 14:34:00",0,19,"Experiment / Künstlich",1
"Herzogstraße","2025/11/16 12:45:00","2025/11/16 13:59:00",3.3,"2025/11/16 12:54:00",74,0.363,"Regenereignis / Natürlich",75
"Herzogstraße","2025/11/16 10:11:00","2025/11/16 10:17:00",2.2,"2025/11/16 10:16:00",6,0.431,"Experiment / Künstlich",6
"Herzogstraße","2025/11/16 02:03:00","2025/11/16 07:53:00",3.9,"2025/11/16 03:56:00",350,0.034,"Regenereignis / Natürlich",315
"Herzogstraße","2025/11/16 00:50:00","2025/11/16 00:50:00",1.7,"2025/11/16 00:50:00",0,17,"Experiment / Künstlich",1
"Herzogstraße","2025/11/16 00:22:00","2025/11/16 00:22:00",1.7,"2025/11/16 00:22:00",0,17,"Experiment / Künstlich",1
"Herzogstraße","2025/11/15 22:39:00","2025/11/15 23:49:00",2.1,"2025/11/15 22:40:00",70,1.909,"Experiment / Künstlich",18
"Herzogstraße","2025/11/15 20:54:00","2025/11/15 21:08:00",2,"2025/11/15 21:08:00",14,0.142,"Regenereignis / Natürlich",4
"Herzogstraße","2025/11/15 19:04:00","2025/11/15 19:04:00",1.6,"2025/11/15 19:04:00",0,16,"Experiment / Künstlich",1
"Herzogstraße","2025/11/15 13:45:00","2025/11/15 13:45:00",5,"2025/11/15 13:45:00",0,50,"Experiment / Künstlich",1
"Herzogstraße","2025/11/15 12:08:00","2025/11/15 12:08:00",1.6,"2025/11/15 12:08:00",0,16,"Experiment / Künstlich",1
"Herzogstraße","2025/11/15 09:23:00","2025/11/15 09:23:00",2.2,"2025/11/15 09:23:00",0,22,"Experiment / Künstlich",1
"Herzogstraße","2025/11/14 19:07:00","2025/11/14 23:59:00",14.1,"2025/11/14 19:07:00",292,141,"Experiment / Künstlich",293
"Herzogstraße","2025/11/14 16:26:00","2025/11/14 17:10:00",25.4,"2025/11/14 16:26:00",44,254,"Experiment / Künstlich",45
"Herzogstraße","2025/11/14 14:40:00","2025/11/14 14:59:00",18.2,"2025/11/14 14:44:00",19,4.439,"Experiment / Künstlich",20
"Herzogstraße","2025/11/14 13:38:00","2025/11/14 13:52:00",28.5,"2025/11/14 13:40:00",14,13.571,"Experiment / Künstlich",15
"Wasserstraße_Springorum","2025/11/14 11:42:00","2025/11/14 11:42:00",2.2,"2025/11/14 11:42:00",0,22,"Experiment / Künstlich",1
"Herzogstraße","2025/11/14 10:25:00","2025/11/14 11:10:00",23.1,"2025/11/14 10:25:00",45,231,"Experiment / Künstlich",46
"Herzogstraße","2025/11/14 08:35:00","2025/11/14 09:19:00",3.1,"2025/11/14 09:15:00",44,0.077,"Experiment / Künstlich",45
"Königsallee_Springorum","2025/11/14 06:50:00","2025/11/14 06:50:00",1.7,"2025/11/14 06:50:00",0,17,"Experiment / Künstlich",1
"Wasserstraße_Springorum","2025/11/14 05:54:00","2025/11/14 05:54:00",1.6,"2025/11/14 05:54:00",0,16,"Experiment / Künstlich",1
"Herzogstraße","2025/11/14 05:09:00","2025/11/14 07:00:00",15.3,"2025/11/14 05:09:00",111,153,"Experiment / Künstlich",112
"Herzogstraße","2025/11/13 17:43:00","2025/11/13 19:11:00",20.4,"2025/11/13 18:40:00",88,0.357,"Regenereignis / Natürlich",89
"Wasserstraße_Springorum","2025/11/13 17:31:00","2025/11/13 17:31:00",1.8,"2025/11/13 17:31:00",0,18,"Experiment / Künstlich",1
"Herzogstraße","2025/11/13 16:40:00","2025/11/13 17:06:00",4.3,"2025/11/13 16:40:00",26,43,"Experiment / Künstlich",27
"Herzogstraße","2025/11/13 15:40:00","2025/11/13 16:04:00",13.4,"2025/11/13 15:40:00",24,134,"Experiment / Künstlich",25
"Wasserstraße_Springorum","2025/11/13 14:42:00","2025/11/13 14:53:00",5.5,"2025/11/13 14:42:00",11,55,"Experiment / Künstlich",2
"Wasserstraße_Springorum","2025/11/13 13:54:00","2025/11/13 13:54:00",5.3,"2025/11/13 13:54:00",0,53,"Experiment / Künstlich",1
"Herzogstraße","2025/11/13 11:04:00","2025/11/13 14:16:00",12.5,"2025/11/13 11:04:00",192,125,"Experiment / Künstlich",186
"Wasserstraße_Springorum","2025/11/13 10:22:00","2025/11/13 10:22:00",1.6,"2025/11/13 10:22:00",0,16,"Experiment / Künstlich",1
"Wasserstraße_Springorum","2025/11/13 09:58:00","2025/11/13 09:58:00",2.5,"2025/11/13 09:58:00",0,25,"Experiment / Künstlich",1
"Herzogstraße","2025/11/13 06:08:00","2025/11/13 08:06:00",24.3,"2025/11/13 06:41:00",118,0.734,"Experiment / Künstlich",119
"Herzogstraße","2025/11/12 20:02:00","2025/11/13 05:26:00",26,"2025/11/12 20:02:00",564,260,"Experiment / Künstlich",550
"Herzogstraße","2025/11/12 14:26:00","2025/11/12 15:04:00",9.8,"2025/11/12 14:26:00",38,98,"Experiment / Künstlich",39
"Wasserstraße_Springorum","2025/11/12 14:18:00","2025/11/12 14:18:00",2.6,"2025/11/12 14:18:00",0,26,"Experiment / Künstlich",1
"Wasserstraße_Springorum","2025/11/12 12:52:00","2025/11/12 12:52:00",2,"2025/11/12 12:52:00",0,20,"Experiment / Künstlich",1
"Herzogstraße","2025/11/12 11:46:00","2025/11/12 11:58:00",16.7,"2025/11/12 11:46:00",12,167,"Experiment / Künstlich",13
"Herzogstraße","2025/11/12 11:07:00","2025/11/12 11:22:00",7.6,"2025/11/12 11:07:00",15,76,"Experiment / Künstlich",16
"Wasserstraße_Springorum","2025/11/12 08:57:00","2025/11/12 08:57:00",1.6,"2025/11/12 08:57:00",0,16,"Experiment / Künstlich",1
"Herzogstraße","2025/11/12 08:05:00","2025/11/12 08:51:00",15.7,"2025/11/12 08:05:00",46,157,"Experiment / Künstlich",40
"Herzogstraße","2025/11/11 17:04:00","2025/11/12 06:31:00",8.3,"2025/11/11 17:04:00",807,83,"Experiment / Künstlich",808
"Wasserstraße_Springorum","2025/11/11 15:08:00","2025/11/11 15:08:00",4.6,"2025/11/11 15:08:00",0,46,"Experiment / Künstlich",1
"Wasserstraße_Springorum","2025/11/11 12:44:00","2025/11/11 12:44:00",3.7,"2025/11/11 12:44:00",0,37,"Experiment / Künstlich",1
"Herzogstraße","2025/11/11 10:33:00","2025/11/11 16:40:00",22.4,"2025/11/11 15:38:00",367,0.073,"Regenereignis / Natürlich",368
"Herzogstraße","2025/11/11 09:10:00","2025/11/11 09:23:00",17.6,"2025/11/11 09:10:00",13,176,"Experiment / Künstlich",14
"Herzogstraße","2025/11/11 05:49:00","2025/11/11 06:23:00",5.9,"2025/11/11 05:49:00",34,59,"Experiment / Künstlich",35
"Wasserstraße_Springorum","2025/11/11 03:58:00","2025/11/11 04:23:00",5.5,"2025/11/11 03:58:00",25,55,"Experiment / Künstlich",18
"Wasserstraße_Springorum","2025/11/11 01:47:00","2025/11/11 02:08:00",5.2,"2025/11/11 02:05:00",21,0.287,"Experiment / Künstlich",12
"Wasserstraße_Springorum","2025/11/11 00:53:00","2025/11/11 00:58:00",4.9,"2025/11/11 00:56:00",5,1.581,"Experiment / Künstlich",6
"Wasserstraße_Springorum","2025/11/11 00:04:00","2025/11/11 00:09:00",4.5,"2025/11/11 00:05:00",5,4.091,"Experiment / Künstlich",6
"Herzogstraße","2025/11/10 19:15:00","2025/11/10 21:26:00",23.6,"2025/11/10 19:15:00",131,236,"Experiment / Künstlich",132
"Herzogstraße","2025/11/10 14:49:00","2025/11/10 16:30:00",19.4,"2025/11/10 14:49:00",101,194,"Experiment / Künstlich",99
"Wasserstraße_Springorum","2025/11/10 12:00:00","2025/11/10 12:00:00",1.9,"2025/11/10 12:00:00",0,19,"Experiment / Künstlich",1
"Herzogstraße","2025/11/10 11:10:00","2025/11/10 13:42:00",23.6,"2025/11/10 12:52:00",152,0.231,"Regenereignis / Natürlich",142
"Herzogstraße","2025/11/10 09:41:00","2025/11/10 10:24:00",3,"2025/11/10 09:41:00",43,30,"Experiment / Künstlich",44
"Herzogstraße","2025/11/10 06:47:00","2025/11/10 08:45:00",14.3,"2025/11/10 06:47:00",118,143,"Experiment / Künstlich",119
"Wasserstraße_Springorum","2025/11/10 05:25:00","2025/11/10 05:25:00",4.4,"2025/11/10 05:25:00",0,44,"Experiment / Künstlich",1
"Herzogstraße","2025/11/09 18:28:00","2025/11/09 18:56:00",1.9,"2025/11/09 18:28:00",28,19,"Experiment / Künstlich",29
"Herzogstraße","2025/11/08 17:37:00","2025/11/08 19:28:00",19.2,"2025/11/08 18:50:00",111,0.263,"Regenereignis / Natürlich",112
"Herzogstraße","2025/11/08 15:37:00","2025/11/08 16:19:00",26,"2025/11/08 15:37:00",42,260,"Experiment / Künstlich",43
"Herzogstraße","2025/11/08 07:43:00","2025/11/08 10:00:00",14.8,"2025/11/08 07:43:00",137,148,"Experiment / Künstlich",123
"Herzogstraße","2025/11/08 05:13:00","2025/11/08 06:54:00",8.9,"2025/11/08 06:01:00",101,0.185,"Regenereignis / Natürlich",102
"Wasserstraße_Springorum","2025/11/07 14:54:00","2025/11/07 14:54:00",1.7,"2025/11/07 14:54:00",0,17,"Experiment / Künstlich",1
"Wasserstraße_Springorum","2025/11/07 13:50:00","2025/11/07 13:50:00",4,"2025/11/07 13:50:00",0,40,"Experiment / Künstlich",1
"Wasserstraße_Springorum","2025/11/07 09:57:00","2025/11/07 09:57:00",2.3,"2025/11/07 09:57:00",0,23,"Experiment / Künstlich",1
"Königsallee_Springorum","2025/11/05 05:43:00","2025/11/05 05:43:00",1.7,"2025/11/05 05:43:00",0,17,"Experiment / Künstlich",1
"Wasserstraße_Springorum","2025/11/05 05:40:00","2025/11/05 05:40:00",1.7,"2025/11/05 05:40:00",0,17,"Experiment / Künstlich",1
"Wasserstraße_Springorum","2025/11/04 12:05:00","2025/11/04 12:05:00",4.1,"2025/11/04 12:05:00",0,41,"Experiment / Künstlich",1
"Wasserstraße_Springorum","2025/11/04 09:18:00","2025/11/04 09:18:00",2.4,"2025/11/04 09:18:00",0,24,"Experiment / Künstlich",1
"Wasserstraße_Springorum","2025/11/04 06:25:00","2025/11/04 06:25:00",4.9,"2025/11/04 06:25:00",0,49,"Experiment / Künstlich",1
"Wasserstraße_Springorum","2025/11/03 14:35:00","2025/11/03 14:41:00",4.9,"2025/11/03 14:41:00",6,0.803,"Experiment / Künstlich",2
"Wasserstraße_Springorum","2025/11/03 10:25:00","2025/11/03 10:36:00",4.9,"2025/11/03 10:25:00",11,49,"Experiment / Künstlich",2
"Wasserstraße_Springorum","2025/11/03 03:33:00","2025/11/03 03:33:00",3.2,"2025/11/03 03:33:00",0,32,"Experiment / Künstlich",1
"Wasserstraße_Springorum","2025/11/02 16:43:00","2025/11/02 20:47:00",6.5,"2025/11/02 18:12:00",244,0.073,"Regenereignis / Natürlich",185
"Königsallee_Springorum","2025/11/02 16:05:00","2025/11/02 16:05:00",1.6,"2025/11/02 16:05:00",0,16,"Experiment / Künstlich",1
"Herzogstraße","2025/11/02 11:16:00","2025/11/02 11:16:00",1.6,"2025/11/02 11:16:00",0,16,"Experiment / Künstlich",1
"Wasserstraße_Springorum","2025/11/02 10:23:00","2025/11/02 11:20:00",3.3,"2025/11/02 10:50:00",57,0.122,"Regenereignis / Natürlich",35
"Wasserstraße_Springorum","2025/11/02 09:54:00","2025/11/02 09:58:00",2.2,"2025/11/02 09:56:00",4,1.048,"Experiment / Künstlich",5
"Wasserstraße_Springorum","2025/11/02 09:08:00","2025/11/02 09:13:00",2.7,"2025/11/02 09:11:00",5,0.871,"Experiment / Künstlich",6
"Herzogstraße","2025/11/02 06:55:00","2025/11/02 10:43:00",3,"2025/11/02 06:58:00",228,0.968,"Experiment / Künstlich",117
"Königsallee_Springorum","2025/11/02 05:12:00","2025/11/02 05:17:00",1.9,"2025/11/02 05:16:00",5,0.463,"Regenereignis / Natürlich",3
"Königsallee_Springorum","2025/11/02 02:10:00","2025/11/02 02:10:00",1.6,"2025/11/02 02:10:00",0,16,"Experiment / Künstlich",1
"Wasserstraße_Springorum","2025/11/02 01:50:00","2025/11/02 02:38:00",2.6,"2025/11/02 02:16:00",48,0.1,"Regenereignis / Natürlich",20
"Wasserstraße_Springorum","2025/11/02 00:59:00","2025/11/02 01:25:00",3,"2025/11/02 01:00:00",26,2.727,"Experiment / Künstlich",16
"Wasserstraße_Springorum","2025/11/01 23:44:00","2025/11/02 00:18:00",4,"2025/11/02 00:00:00",34,0.248,"Experiment / Künstlich",18
"Wasserstraße_Springorum","2025/11/01 23:09:00","2025/11/01 23:11:00",2,"2025/11/01 23:09:00",2,20,"Experiment / Künstlich",3
"Wasserstraße_Springorum","2025/11/01 22:12:00","2025/11/01 22:17:00",2.2,"2025/11/01 22:13:00",5,2,"Experiment / Künstlich",5
"Wasserstraße_Springorum","2025/11/01 21:02:00","2025/11/01 21:28:00",3.1,"2025/11/01 21:07:00",26,0.608,"Experiment / Künstlich",12
"Wasserstraße_Springorum","2025/11/01 19:25:00","2025/11/01 19:38:00",3.9,"2025/11/01 19:25:00",13,39,"Experiment / Künstlich",12
"Wasserstraße_Springorum","2025/11/01 18:26:00","2025/11/01 18:41:00",4.4,"2025/11/01 18:28:00",15,2.095,"Experiment / Künstlich",11
"Herzogstraße","2025/11/01 13:48:00","2025/11/01 14:02:00",2.3,"2025/11/01 13:48:00",14,23,"Experiment / Künstlich",13
"Wasserstraße_Springorum","2025/11/01 12:58:00","2025/11/01 13:02:00",4,"2025/11/01 12:59:00",4,3.636,"Experiment / Künstlich",5
"Herzogstraße","2025/11/01 12:17:00","2025/11/01 12:49:00",2.3,"2025/11/01 12:39:00",32,0.104,"Experiment / Künstlich",9
"Wasserstraße_Springorum","2025/11/01 10:39:00","2025/11/01 11:23:00",4.1,"2025/11/01 10:58:00",44,0.215,"Experiment / Künstlich",22
"Wasserstraße_Springorum","2025/10/31 19:41:00","2025/10/31 19:41:00",1.9,"2025/10/31 19:41:00",0,19,"Experiment / Künstlich",1
"Wasserstraße_Springorum","2025/10/31 16:13:00","2025/10/31 16:13:00",3,"2025/10/31 16:13:00",0,30,"Experiment / Künstlich",1
"Wasserstraße_Springorum","2025/10/31 01:59:00","2025/10/31 01:59:00",4.2,"2025/10/31 01:59:00",0,42,"Experiment / Künstlich",1
"Wasserstraße_Springorum","2025/10/30 19:52:00","2025/10/30 19:52:00",5.1,"2025/10/30 19:52:00",0,51,"Experiment / Künstlich",1
"Herzogstraße","2025/10/30 06:27:00","2025/10/30 06:27:00",1.6,"2025/10/30 06:27:00",0,16,"Experiment / Künstlich",1
"Wasserstraße_Springorum","2025/10/30 05:28:00","2025/10/30 05:33:00",3.2,"2025/10/30 05:30:00",5,1.524,"Experiment / Künstlich",6
"Herzogstraße","2025/10/30 04:10:00","2025/10/30 04:43:00",3.6,"2025/10/30 04:10:00",33,36,"Experiment / Künstlich",34
"Wasserstraße_Springorum","2025/10/30 03:04:00","2025/10/30 03:09:00",3.2,"2025/10/30 03:06:00",5,1.524,"Experiment / Künstlich",6
"Herzogstraße","2025/10/30 00:42:00","2025/10/30 00:42:00",1.7,"2025/10/30 00:42:00",0,17,"Experiment / Künstlich",1
"Herzogstraße","2025/10/29 23:16:00","2025/10/29 23:16:00",1.6,"2025/10/29 23:16:00",0,16,"Experiment / Künstlich",1
"Herzogstraße","2025/10/29 04:46:00","2025/10/29 04:50:00",1.7,"2025/10/29 04:46:00",4,17,"Experiment / Künstlich",2
"Herzogstraße","2025/10/29 04:15:00","2025/10/29 04:16:00",1.9,"2025/10/29 04:15:00",1,19,"Experiment / Künstlich",2
"Herzogstraße","2025/10/28 10:19:00","2025/10/28 11:56:00",3.7,"2025/10/28 11:18:00",97,0.063,"Regenereignis / Natürlich",39
"Herzogstraße","2025/10/28 09:45:00","2025/10/28 09:46:00",3.2,"2025/10/28 09:46:00",1,2.909,"Experiment / Künstlich",2
"Wasserbaulabor_2","2025/10/27 12:03:30","2025/10/27 12:27:00",3,"2025/10/27 12:07:45",23.5,0.69,"Experiment / Künstlich",84
"Herzogstraße","2025/10/27 11:59:00","2025/10/27 12:52:00",2.3,"2025/10/27 12:07:00",53,0.284,"Regenereignis / Natürlich",50
"Herzogstraße","2025/10/27 06:33:00","2025/10/27 09:34:00",3.3,"2025/10/27 07:42:00",181,0.048,"Regenereignis / Natürlich",110
"Herzogstraße","2025/10/27 03:24:00","2025/10/27 03:24:00",1.6,"2025/10/27 03:24:00",0,16,"Experiment / Künstlich",1
"Herzogstraße","2025/10/26 14:06:00","2025/10/26 14:10:00",1.9,"2025/10/26 14:06:00",4,19,"Experiment / Künstlich",2
"Herzogstraße","2025/10/26 12:09:00","2025/10/26 12:09:00",1.9,"2025/10/26 12:09:00",0,19,"Experiment / Künstlich",1
"Herzogstraße","2025/10/26 11:25:00","2025/10/26 11:44:00",1.7,"2025/10/26 11:25:00",19,17,"Experiment / Künstlich",3
"Herzogstraße","2025/10/26 00:38:00","2025/10/26 00:38:00",4.4,"2025/10/26 00:38:00",0,44,"Experiment / Künstlich",1
"Herzogstraße","2025/10/25 19:54:00","2025/10/25 19:54:00",1.7,"2025/10/25 19:54:00",0,17,"Experiment / Künstlich",1
"Herzogstraße","2025/10/25 17:30:00","2025/10/25 17:30:00",1.6,"2025/10/25 17:30:00",0,16,"Experiment / Künstlich",1
"Herzogstraße","2025/10/25 08:50:00","2025/10/25 08:51:00",6.1,"2025/10/25 08:50:00",1,61,"Experiment / Künstlich",2
"Herzogstraße","2025/10/25 08:24:00","2025/10/25 08:28:00",2.6,"2025/10/25 08:26:00",4,1.238,"Experiment / Künstlich",4
"Herzogstraße","2025/10/25 06:09:00","2025/10/25 06:09:00",1.6,"2025/10/25 06:09:00",0,16,"Experiment / Künstlich",1
"Herzogstraße","2025/10/23 22:33:00","2025/10/24 01:59:00",6.9,"2025/10/23 22:44:00",206,0.622,"Experiment / Künstlich",204
"Herzogstraße","2025/10/23 22:06:00","2025/10/23 22:06:00",1.6,"2025/10/23 22:06:00",0,16,"Experiment / Künstlich",1
"Königsallee_Springorum","2025/10/23 20:06:00","2025/10/23 20:15:00",3.3,"2025/10/23 20:06:00",9,33,"Experiment / Künstlich",6
"Herzogstraße","2025/10/23 19:05:00","2025/10/23 21:21:00",7.2,"2025/10/23 20:25:00",136,0.09,"Regenereignis / Natürlich",114
"Königsallee_Springorum","2025/10/23 18:54:00","2025/10/23 18:55:00",2.2,"2025/10/23 18:54:00",1,22,"Experiment / Künstlich",2
"Herzogstraße","2025/10/23 18:41:00","2025/10/23 18:41:00",1.8,"2025/10/23 18:41:00",0,18,"Experiment / Künstlich",1
"Herzogstraße","2025/10/23 18:07:00","2025/10/23 18:14:00",2.2,"2025/10/23 18:12:00",7,0.431,"Experiment / Künstlich",4
"Herzogstraße","2025/10/23 17:20:00","2025/10/23 17:20:00",1.6,"2025/10/23 17:20:00",0,16,"Experiment / Künstlich",1
"Herzogstraße","2025/10/23 15:29:00","2025/10/23 15:33:00",4.1,"2025/10/23 15:33:00",4,1,"Experiment / Künstlich",2
"Herzogstraße","2025/10/23 14:11:00","2025/10/23 14:11:00",2.1,"2025/10/23 14:11:00",0,21,"Experiment / Künstlich",1
"Herzogstraße","2025/10/23 08:15:00","2025/10/23 08:58:00",5.2,"2025/10/23 08:15:00",43,52,"Experiment / Künstlich",14
"Herzogstraße","2025/10/23 05:37:00","2025/10/23 05:55:00",5.2,"2025/10/23 05:44:00",18,0.732,"Experiment / Künstlich",6
"Herzogstraße","2025/10/23 04:23:00","2025/10/23 04:35:00",2.7,"2025/10/23 04:33:00",12,0.267,"Experiment / Künstlich",6
"Herzogstraße","2025/10/22 07:37:00","2025/10/22 07:37:00",1.6,"2025/10/22 07:37:00",0,16,"Experiment / Künstlich",1
"Herzogstraße","2025/10/22 07:06:00","2025/10/22 07:06:00",1.6,"2025/10/22 07:06:00",0,16,"Experiment / Künstlich",1
"Herzogstraße","2025/10/22 02:41:00","2025/10/22 04:19:00",3.9,"2025/10/22 02:42:00",98,3.545,"Experiment / Künstlich",82
"Herzogstraße","2025/10/22 01:13:00","2025/10/22 01:23:00",1.8,"2025/10/22 01:15:00",10,0.857,"Experiment / Künstlich",3
"Wasserstraße_Springorum","2025/10/21 10:10:00","2025/10/21 10:42:00",7.6,"2025/10/21 10:37:00",32,0.28,"Experiment / Künstlich",21
"Wasserstraße_Springorum","2025/10/21 09:38:00","2025/10/21 09:42:00",5.7,"2025/10/21 09:42:00",4,1.39,"Experiment / Künstlich",5
"Herzogstraße","2025/10/21 08:57:00","2025/10/21 09:42:00",2.2,"2025/10/21 09:13:00",45,0.137,"Regenereignis / Natürlich",36
"Wasserstraße_Springorum","2025/10/21 04:48:00","2025/10/21 04:52:00",4.6,"2025/10/21 04:52:00",4,1.122,"Experiment / Künstlich",5
"Wasserstraße_Springorum","2025/10/20 15:29:00","2025/10/20 15:29:00",4,"2025/10/20 15:29:00",0,40,"Experiment / Künstlich",1
"Wasserstraße_Springorum","2025/10/20 14:38:00","2025/10/20 14:38:00",3.7,"2025/10/20 14:38:00",0,37,"Experiment / Künstlich",1
"Wasserstraße_Springorum","2025/10/20 11:50:00","2025/10/20 11:54:00",2.4,"2025/10/20 11:54:00",4,0.585,"Experiment / Künstlich",3
"Wasserstraße_Springorum","2025/10/20 09:06:00","2025/10/20 10:48:00",6.8,"2025/10/20 10:32:00",102,0.079,"Regenereignis / Natürlich",88
"Wasserstraße_Springorum","2025/10/20 06:34:00","2025/10/20 08:29:00",6.5,"2025/10/20 07:53:00",115,0.082,"Regenereignis / Natürlich",61
"Wasserstraße_Springorum","2025/10/19 22:43:00","2025/10/20 05:16:00",8.8,"2025/10/20 03:50:00",393,0.029,"Regenereignis / Natürlich",390
"Wasserstraße_Springorum","2025/10/19 20:08:00","2025/10/19 20:08:00",4.5,"2025/10/19 20:08:00",0,45,"Experiment / Künstlich",1
"Wasserstraße_Springorum","2025/10/19 14:06:00","2025/10/19 14:06:00",5,"2025/10/19 14:06:00",0,50,"Experiment / Künstlich",1
"Wasserstraße_Springorum","2025/10/19 09:39:00","2025/10/19 09:39:00",4.4,"2025/10/19 09:39:00",0,44,"Experiment / Künstlich",1
"Wasserstraße_Springorum","2025/10/18 12:25:00","2025/10/18 12:25:00",4.1,"2025/10/18 12:25:00",0,41,"Experiment / Künstlich",1
"Wasserstraße_Springorum","2025/10/18 09:12:00","2025/10/18 09:12:00",1.9,"2025/10/18 09:12:00",0,19,"Experiment / Künstlich",1
"Wasserstraße_Springorum","2025/10/18 04:16:00","2025/10/18 04:16:00",4.4,"2025/10/18 04:16:00",0,44,"Experiment / Künstlich",1
"Wasserstraße_Springorum","2025/10/17 23:25:00","2025/10/17 23:25:00",5,"2025/10/17 23:25:00",0,50,"Experiment / Künstlich",1
"Wasserstraße_Springorum","2025/10/17 13:30:00","2025/10/17 13:30:00",1.7,"2025/10/17 13:30:00",0,17,"Experiment / Künstlich",1
"Wasserstraße_Springorum","2025/10/17 10:32:00","2025/10/17 10:32:00",3.2,"2025/10/17 10:32:00",0,32,"Experiment / Künstlich",1
"Wasserstraße_Springorum","2025/10/17 03:57:00","2025/10/17 04:02:00",7.5,"2025/10/17 04:00:00",5,2.419,"Experiment / Künstlich",6
"Wasserstraße_Springorum","2025/10/17 03:19:00","2025/10/17 03:35:00",7.2,"2025/10/17 03:35:00",16,0.447,"Experiment / Künstlich",12
"Herzogstraße","2025/10/17 03:13:00","2025/10/17 03:13:00",1.8,"2025/10/17 03:13:00",0,18,"Experiment / Künstlich",1
"Herzogstraße","2025/10/17 02:16:00","2025/10/17 02:31:00",2.2,"2025/10/17 02:31:00",15,0.146,"Experiment / Künstlich",3
"Wasserstraße_Springorum","2025/10/17 02:09:00","2025/10/17 02:43:00",6.8,"2025/10/17 02:33:00",34,0.282,"Experiment / Künstlich",21
"Herzogstraße","2025/10/17 01:03:00","2025/10/17 01:33:00",1.9,"2025/10/17 01:13:00",30,0.188,"Regenereignis / Natürlich",8
"Wasserstraße_Springorum","2025/10/17 00:58:00","2025/10/17 01:03:00",6.2,"2025/10/17 01:00:00",5,2.952,"Experiment / Künstlich",6
"Wasserstraße_Springorum","2025/10/16 21:05:00","2025/10/16 22:57:00",6.4,"2025/10/16 21:25:00",112,0.318,"Regenereignis / Natürlich",58
"Wasserstraße_Springorum","2025/10/16 20:05:00","2025/10/16 20:10:00",6.3,"2025/10/16 20:07:00",5,3,"Experiment / Künstlich",6
"Wasserstraße_Springorum","2025/10/16 19:04:00","2025/10/16 19:09:00",4.9,"2025/10/16 19:04:00",5,49,"Experiment / Künstlich",6
"Wasserstraße_Springorum","2025/10/16 18:17:00","2025/10/16 18:21:00",4.5,"2025/10/16 18:19:00",4,2.143,"Experiment / Künstlich",5
"Herzogstraße","2025/10/16 18:09:00","2025/10/17 00:42:00",3.8,"2025/10/16 18:10:00",393,3.455,"Experiment / Künstlich",394
"Wasserstraße_Springorum","2025/10/16 16:28:00","2025/10/16 16:33:00",3.4,"2025/10/16 16:33:00",5,0.667,"Experiment / Künstlich",6
"Herzogstraße","2025/10/16 16:21:00","2025/10/16 16:38:00",1.7,"2025/10/16 16:23:00",17,0.81,"Experiment / Künstlich",3
"Wasserstraße_Springorum","2025/10/16 15:39:00","2025/10/16 15:44:00",5.4,"2025/10/16 15:44:00",5,1.059,"Experiment / Künstlich",6
"Herzogstraße","2025/10/16 14:19:00","2025/10/16 15:53:00",2.3,"2025/10/16 14:46:00",94,0.085,"Regenereignis / Natürlich",25
"Wasserstraße_Springorum","2025/10/16 14:12:00","2025/10/16 14:16:00",4.9,"2025/10/16 14:14:00",4,2.333,"Experiment / Künstlich",5
"Herzogstraße","2025/10/16 12:33:00","2025/10/16 12:42:00",1.8,"2025/10/16 12:42:00",9,0.198,"Regenereignis / Natürlich",4
"Herzogstraße","2025/10/16 10:42:00","2025/10/16 10:42:00",1.7,"2025/10/16 10:42:00",0,17,"Experiment / Künstlich",1
"Herzogstraße","2025/10/16 10:16:00","2025/10/16 10:16:00",1.6,"2025/10/16 10:16:00",0,16,"Experiment / Künstlich",1
"Wasserstraße_Springorum","2025/10/16 08:08:00","2025/10/16 08:12:00",2.9,"2025/10/16 08:10:00",4,1.381,"Experiment / Künstlich",5
"Wasserstraße_Springorum","2025/10/16 06:55:00","2025/10/16 07:00:00",4.9,"2025/10/16 06:59:00",5,1.195,"Experiment / Künstlich",6
"Herzogstraße","2025/10/16 04:49:00","2025/10/16 05:31:00",1.8,"2025/10/16 04:51:00",42,0.857,"Experiment / Künstlich",19
"Wasserstraße_Springorum","2025/10/16 03:51:00","2025/10/16 03:56:00",6.9,"2025/10/16 03:54:00",5,2.226,"Experiment / Künstlich",6
"Wasserstraße_Springorum","2025/10/16 02:28:00","2025/10/16 02:33:00",6.2,"2025/10/16 02:29:00",5,5.636,"Experiment / Künstlich",6
"Wasserstraße_Springorum","2025/10/16 01:58:00","2025/10/16 02:02:00",6.3,"2025/10/16 02:00:00",4,3,"Experiment / Künstlich",5
"Wasserstraße_Springorum","2025/10/16 00:59:00","2025/10/16 01:10:00",6.2,"2025/10/16 00:59:00",11,62,"Experiment / Künstlich",11
"Wasserstraße_Springorum","2025/10/15 23:11:00","2025/10/15 23:11:00",4.8,"2025/10/15 23:11:00",0,48,"Experiment / Künstlich",1
"Herzogstraße","2025/10/15 22:01:00","2025/10/15 22:05:00",2,"2025/10/15 22:01:00",4,20,"Experiment / Künstlich",4
"Wasserstraße_Springorum","2025/10/15 21:02:00","2025/10/15 21:02:00",4.4,"2025/10/15 21:02:00",0,44,"Experiment / Künstlich",1
"Herzogstraße","2025/10/15 00:00:00","2025/10/15 03:18:00",2,"2025/10/15 00:00:00",198,20,"Experiment / Künstlich",199
"Wasserstraße_Springorum","2025/10/14 20:14:00","2025/10/15 06:12:00",7.5,"2025/10/15 01:59:00",598,0.022,"Regenereignis / Natürlich",503
"Wasserstraße_Springorum","2025/10/14 15:23:00","2025/10/14 15:24:00",5.4,"2025/10/14 15:24:00",1,4.909,"Experiment / Künstlich",2
"Herzogstraße","2025/10/14 14:39:00","2025/10/14 19:55:00",7.8,"2025/10/14 17:39:00",316,0.043,"Regenereignis / Natürlich",317
"Wasserstraße_Springorum","2025/10/14 14:02:00","2025/10/14 14:02:00",2.1,"2025/10/14 14:02:00",0,21,"Experiment / Künstlich",1
"Wasserstraße_Springorum","2025/10/14 13:27:00","2025/10/14 13:27:00",2.3,"2025/10/14 13:27:00",0,23,"Experiment / Künstlich",1
"Wasserstraße_Springorum","2025/10/14 10:24:00","2025/10/14 10:24:00",2.6,"2025/10/14 10:24:00",0,26,"Experiment / Künstlich",1
"Herzogstraße","2025/10/14 10:01:00","2025/10/14 12:26:00",16.6,"2025/10/14 12:01:00",145,0.138,"Regenereignis / Natürlich",146
"Wasserstraße_Springorum","2025/10/14 09:01:00","2025/10/14 09:01:00",5.1,"2025/10/14 09:01:00",0,51,"Experiment / Künstlich",1
"Herzogstraße","2025/10/14 08:25:00","2025/10/14 09:17:00",25.5,"2025/10/14 08:25:00",52,255,"Experiment / Künstlich",51
"Herzogstraße","2025/10/14 05:41:00","2025/10/14 06:03:00",4.5,"2025/10/14 05:41:00",22,45,"Experiment / Künstlich",23
"Herzogstraße","2025/10/14 04:47:00","2025/10/14 05:14:00",13.3,"2025/10/14 04:47:00",27,133,"Experiment / Künstlich",28
"Wasserstraße_Springorum","2025/10/13 23:44:00","2025/10/13 23:44:00",4.5,"2025/10/13 23:44:00",0,45,"Experiment / Künstlich",1
"Herzogstraße","2025/10/13 15:44:00","2025/10/13 15:54:00",5.7,"2025/10/13 15:44:00",10,57,"Experiment / Künstlich",11
"Herzogstraße","2025/10/13 14:16:00","2025/10/13 14:20:00",19.8,"2025/10/13 14:16:00",4,198,"Experiment / Künstlich",5
"Wasserstraße_Springorum","2025/10/13 12:00:00","2025/10/13 12:00:00",2.3,"2025/10/13 12:00:00",0,23,"Experiment / Künstlich",1
"Herzogstraße","2025/10/13 10:01:00","2025/10/13 10:13:00",6,"2025/10/13 10:01:00",12,60,"Experiment / Künstlich",13
"Wasserstraße_Springorum","2025/10/13 08:34:00","2025/10/13 08:34:00",3.2,"2025/10/13 08:34:00",0,32,"Experiment / Künstlich",1
"Herzogstraße","2025/10/13 06:24:00","2025/10/13 07:26:00",18.1,"2025/10/13 06:24:00",62,181,"Experiment / Künstlich",63
"Wasserstraße_Springorum","2025/10/13 05:56:00","2025/10/13 05:59:00",2,"2025/10/13 05:56:00",3,20,"Experiment / Künstlich",3
"Herzogstraße","2025/10/13 05:15:00","2025/10/13 05:26:00",5.9,"2025/10/13 05:15:00",11,59,"Experiment / Künstlich",12
"Wasserstraße_Springorum","2025/10/13 04:53:00","2025/10/13 05:19:00",5.5,"2025/10/13 04:53:00",26,55,"Experiment / Künstlich",17
"Wasserstraße_Springorum","2025/10/13 04:16:00","2025/10/13 04:21:00",4.4,"2025/10/13 04:19:00",5,1.419,"Experiment / Künstlich",6
"Wasserstraße_Springorum","2025/10/12 15:41:00","2025/10/12 15:41:00",1.8,"2025/10/12 15:41:00",0,18,"Experiment / Künstlich",1
"Wasserstraße_Springorum","2025/10/12 14:43:00","2025/10/12 14:43:00",2,"2025/10/12 14:43:00",0,20,"Experiment / Künstlich",1
"Herzogstraße","2025/10/12 12:27:00","2025/10/12 19:21:00",18.5,"2025/10/12 12:27:00",414,185,"Experiment / Künstlich",415
"Herzogstraße","2025/10/12 09:10:00","2025/10/12 10:18:00",22.9,"2025/10/12 09:10:00",68,229,"Experiment / Künstlich",69
"Wasserstraße_Springorum","2025/10/12 09:07:00","2025/10/12 09:07:00",4.2,"2025/10/12 09:07:00",0,42,"Experiment / Künstlich",1
"Wasserstraße_Springorum","2025/10/12 07:19:00","2025/10/12 07:19:00",5,"2025/10/12 07:19:00",0,50,"Experiment / Künstlich",1
"Wasserstraße_Springorum","2025/10/12 06:31:00","2025/10/12 06:31:00",4.7,"2025/10/12 06:31:00",0,47,"Experiment / Künstlich",1
"Wasserstraße_Springorum","2025/10/11 20:06:00","2025/10/11 20:06:00",1.9,"2025/10/11 20:06:00",0,19,"Experiment / Künstlich",1
"Wasserstraße_Springorum","2025/10/11 18:00:00","2025/10/11 18:00:00",4.5,"2025/10/11 18:00:00",0,45,"Experiment / Künstlich",1
"Wasserstraße_Springorum","2025/10/11 16:58:00","2025/10/11 16:58:00",3.1,"2025/10/11 16:58:00",0,31,"Experiment / Künstlich",1
"Wasserstraße_Springorum","2025/10/11 14:39:00","2025/10/11 14:39:00",1.7,"2025/10/11 14:39:00",0,17,"Experiment / Künstlich",1
"Herzogstraße","2025/10/11 14:03:00","2025/10/11 17:33:00",4.9,"2025/10/11 14:19:00",210,0.304,"Regenereignis / Natürlich",211
"Wasserstraße_Springorum","2025/10/11 12:47:00","2025/10/11 12:47:00",1.6,"2025/10/11 12:47:00",0,16,"Experiment / Künstlich",1
"Herzogstraße","2025/10/11 11:52:00","2025/10/11 13:00:00",6.7,"2025/10/11 11:52:00",68,67,"Experiment / Künstlich",69
"Herzogstraße","2025/10/11 09:13:00","2025/10/11 11:01:00",20,"2025/10/11 09:13:00",108,200,"Experiment / Künstlich",109
"Herzogstraße","2025/10/10 21:14:00","2025/10/11 06:04:00",2.5,"2025/10/10 21:14:00",530,25,"Experiment / Künstlich",531
"Herzogstraße","2025/10/10 14:05:00","2025/10/10 14:47:00",7.9,"2025/10/10 14:05:00",42,79,"Experiment / Künstlich",43
"Herzogstraße","2025/10/10 13:10:00","2025/10/10 13:39:00",21.8,"2025/10/10 13:10:00",29,218,"Experiment / Künstlich",30
"Herzogstraße","2025/10/10 10:33:00","2025/10/10 12:15:00",12.8,"2025/10/10 11:09:00",102,0.355,"Regenereignis / Natürlich",103
"Wasserstraße_Springorum","2025/10/10 10:11:00","2025/10/10 10:11:00",2.9,"2025/10/10 10:11:00",0,29,"Experiment / Künstlich",1
"Herzogstraße","2025/10/10 08:58:00","2025/10/10 09:16:00",17.9,"2025/10/10 08:58:00",18,179,"Experiment / Künstlich",19
"Wasserstraße_Springorum","2025/10/10 07:49:00","2025/10/10 07:49:00",5.2,"2025/10/10 07:49:00",0,52,"Experiment / Künstlich",1
"Herzogstraße","2025/10/10 07:41:00","2025/10/10 07:56:00",8.2,"2025/10/10 07:41:00",15,82,"Experiment / Künstlich",16
"Herzogstraße","2025/10/10 05:39:00","2025/10/10 06:09:00",9.5,"2025/10/10 05:49:00",30,0.941,"Experiment / Künstlich",31
"Wasserstraße_Springorum","2025/10/10 04:52:00","2025/10/10 05:10:00",5,"2025/10/10 04:52:00",18,50,"Experiment / Künstlich",2
"Wasserstraße_Springorum","2025/10/09 21:43:00","2025/10/09 21:43:00",5.2,"2025/10/09 21:43:00",0,52,"Experiment / Künstlich",1
"Wasserstraße_Springorum","2025/10/09 17:33:00","2025/10/09 17:33:00",4.9,"2025/10/09 17:33:00",0,49,"Experiment / Künstlich",1
"Herzogstraße","2025/10/09 17:19:00","2025/10/09 21:18:00",7.5,"2025/10/09 17:19:00",239,75,"Experiment / Künstlich",240
"Wasserstraße_Springorum","2025/10/09 14:51:00","2025/10/09 14:51:00",1.6,"2025/10/09 14:51:00",0,16,"Experiment / Künstlich",1
"Wasserstraße_Springorum","2025/10/09 14:24:00","2025/10/09 14:24:00",4.3,"2025/10/09 14:24:00",0,43,"Experiment / Künstlich",1
"Herzogstraße","2025/10/09 14:16:00","2025/10/09 15:49:00",13.6,"2025/10/09 14:16:00",93,136,"Experiment / Künstlich",94
"Herzogstraße","2025/10/09 11:27:00","2025/10/09 11:41:00",14.8,"2025/10/09 11:27:00",14,148,"Experiment / Künstlich",15
"Wasserstraße_Springorum","2025/10/09 08:58:00","2025/10/09 09:13:00",4.5,"2025/10/09 09:01:00",15,1.452,"Experiment / Künstlich",9
"Wasserstraße_Springorum","2025/10/09 07:40:00","2025/10/09 07:45:00",3.8,"2025/10/09 07:45:00",5,0.745,"Experiment / Künstlich",6
"Herzogstraße","2025/10/09 05:53:00","2025/10/09 05:54:00",7.6,"2025/10/09 05:53:00",1,76,"Experiment / Künstlich",2
"Wasserstraße_Springorum","2025/10/09 05:47:00","2025/10/09 05:52:00",5.7,"2025/10/09 05:51:00",5,1.39,"Experiment / Künstlich",6
"Wasserstraße_Springorum","2025/10/09 01:37:00","2025/10/09 01:37:00",4.9,"2025/10/09 01:37:00",0,49,"Experiment / Künstlich",1
"Herzogstraße","2025/10/08 18:03:00","2025/10/09 01:18:00",16.3,"2025/10/08 18:11:00",435,2.012,"Experiment / Künstlich",436
"Herzogstraße","2025/10/08 15:27:00","2025/10/08 15:36:00",19.6,"2025/10/08 15:27:00",9,196,"Experiment / Künstlich",10
"Herzogstraße","2025/10/08 12:11:00","2025/10/08 14:27:00",29.2,"2025/10/08 12:47:00",136,0.809,"Experiment / Künstlich",134
"Wasserstraße_Springorum","2025/10/08 11:19:00","2025/10/08 11:37:00",3.3,"2025/10/08 11:33:00",18,0.234,"Experiment / Künstlich",9
"Wasserstraße_Springorum","2025/10/08 10:50:00","2025/10/08 10:55:00",5.5,"2025/10/08 10:50:00",5,55,"Experiment / Künstlich",6
"Herzogstraße","2025/10/08 10:25:00","2025/10/08 10:30:00",18.1,"2025/10/08 10:25:00",5,181,"Experiment / Künstlich",6
"Wasserstraße_Springorum","2025/10/08 10:23:00","2025/10/08 10:28:00",5.8,"2025/10/08 10:23:00",5,58,"Experiment / Künstlich",6
"Wasserstraße_Springorum","2025/10/08 09:54:00","2025/10/08 09:59:00",2.8,"2025/10/08 09:56:00",5,1.333,"Experiment / Künstlich",6
"Herzogstraße","2025/10/08 06:40:00","2025/10/08 08:23:00",19.7,"2025/10/08 07:22:00",103,0.468,"Regenereignis / Natürlich",104
"Wasserstraße_Springorum","2025/10/08 06:36:00","2025/10/08 06:36:00",2.8,"2025/10/08 06:36:00",0,28,"Experiment / Künstlich",1
"Herzogstraße","2025/10/08 05:53:00","2025/10/08 06:09:00",8.1,"2025/10/08 05:55:00",16,3.857,"Experiment / Künstlich",17
"Wasserstraße_Springorum","2025/10/08 05:40:00","2025/10/08 05:40:00",1.6,"2025/10/08 05:40:00",0,16,"Experiment / Künstlich",1
"Herzogstraße","2025/10/08 00:00:00","2025/10/08 03:58:00",3.5,"2025/10/08 00:00:00",238,35,"Experiment / Künstlich",239
"Wasserstraße_Springorum","2025/10/07 12:42:00","2025/10/07 12:42:00",1.7,"2025/10/07 12:42:00",0,17,"Experiment / Künstlich",1
"Wasserstraße_Springorum","2025/10/07 11:36:00","2025/10/07 11:36:00",1.6,"2025/10/07 11:36:00",0,16,"Experiment / Künstlich",1
"Wasserstraße_Springorum","2025/10/07 09:19:00","2025/10/07 09:19:00",3.7,"2025/10/07 09:19:00",0,37,"Experiment / Künstlich",1
"Herzogstraße","2025/10/07 09:07:00","2025/10/07 14:29:00",2.7,"2025/10/07 10:55:00",322,0.025,"Regenereignis / Natürlich",247
"Herzogstraße","2025/10/07 08:06:00","2025/10/07 08:06:00",1.7,"2025/10/07 08:06:00",0,17,"Experiment / Künstlich",1
"Wasserstraße_Springorum","2025/10/07 06:49:00","2025/10/07 06:53:00",6.1,"2025/10/07 06:49:00",4,61,"Experiment / Künstlich",5
"Wasserstraße_Springorum","2025/10/07 06:18:00","2025/10/07 06:22:00",3.7,"2025/10/07 06:21:00",4,1.194,"Experiment / Künstlich",5
"Wasserstraße_Springorum","2025/10/07 05:29:00","2025/10/07 05:33:00",6.2,"2025/10/07 05:32:00",4,2,"Experiment / Künstlich",5
"Wasserstraße_Springorum","2025/10/07 04:33:00","2025/10/07 04:38:00",4.9,"2025/10/07 04:36:00",5,1.581,"Experiment / Künstlich",6
"Wasserstraße_Springorum","2025/10/07 04:02:00","2025/10/07 04:06:00",4.1,"2025/10/07 04:06:00",4,1,"Experiment / Künstlich",5
"Herzogstraße","2025/10/07 03:58:00","2025/10/07 05:59:00",4.3,"2025/10/07 04:00:00",121,2.048,"Experiment / Künstlich",84
"Wasserstraße_Springorum","2025/10/07 02:05:00","2025/10/07 02:10:00",5.7,"2025/10/07 02:09:00",5,1.39,"Experiment / Künstlich",6
"Wasserstraße_Springorum","2025/10/07 00:44:00","2025/10/07 00:49:00",5.8,"2025/10/07 00:48:00",5,1.415,"Experiment / Künstlich",6
"Herzogstraße","2025/10/06 16:13:00","2025/10/06 18:06:00",3.9,"2025/10/06 17:48:00",113,0.041,"Regenereignis / Natürlich",100
"Herzogstraße","2025/10/06 15:39:00","2025/10/06 15:48:00",2.3,"2025/10/06 15:39:00",9,23,"Experiment / Künstlich",3
"Herzogstraße","2025/10/06 14:54:00","2025/10/06 15:10:00",2.1,"2025/10/06 15:10:00",16,0.13,"Experiment / Künstlich",4
"Herzogstraße","2025/10/06 14:21:00","2025/10/06 14:21:00",1.6,"2025/10/06 14:21:00",0,16,"Experiment / Künstlich",1
"Herzogstraße","2025/10/06 13:54:00","2025/10/06 13:54:00",1.6,"2025/10/06 13:54:00",0,16,"Experiment / Künstlich",1
"Wasserstraße_Springorum","2025/10/06 12:40:00","2025/10/06 12:44:00",2.6,"2025/10/06 12:44:00",4,0.634,"Experiment / Künstlich",4
"Wasserstraße_Springorum","2025/10/06 12:14:00","2025/10/06 12:16:00",6.6,"2025/10/06 12:14:00",2,66,"Experiment / Künstlich",3
"Herzogstraße","2025/10/06 11:51:00","2025/10/06 12:37:00",2.6,"2025/10/06 12:13:00",46,0.118,"Regenereignis / Natürlich",12
"Wasserstraße_Springorum","2025/10/06 11:24:00","2025/10/06 11:50:00",7.6,"2025/10/06 11:46:00",26,0.344,"Experiment / Künstlich",11
"Herzogstraße","2025/10/06 11:10:00","2025/10/06 11:10:00",1.6,"2025/10/06 11:10:00",0,16,"Experiment / Künstlich",1
"Wasserstraße_Springorum","2025/10/06 09:36:00","2025/10/06 09:41:00",4.6,"2025/10/06 09:36:00",5,46,"Experiment / Künstlich",6
"Herzogstraße","2025/10/06 09:20:00","2025/10/06 09:20:00",1.9,"2025/10/06 09:20:00",0,19,"Experiment / Künstlich",1
"Herzogstraße","2025/10/06 07:42:00","2025/10/06 07:48:00",2.3,"2025/10/06 07:42:00",6,23,"Experiment / Künstlich",5
"Wasserstraße_Springorum","2025/10/06 07:08:00","2025/10/06 07:08:00",4.8,"2025/10/06 07:08:00",0,48,"Experiment / Künstlich",1
"Wasserstraße_Springorum","2025/10/05 20:32:00","2025/10/05 23:05:00",8.6,"2025/10/05 22:34:00",153,0.07,"Regenereignis / Natürlich",90
"Wasserstraße_Springorum","2025/10/05 19:28:00","2025/10/05 20:10:00",6,"2025/10/05 19:42:00",42,0.426,"Experiment / Künstlich",31
"Wasserstraße_Springorum","2025/10/05 18:43:00","2025/10/05 18:48:00",5.3,"2025/10/05 18:43:00",5,53,"Experiment / Künstlich",6
"Wasserstraße_Springorum","2025/10/05 17:43:00","2025/10/05 17:47:00",4.9,"2025/10/05 17:44:00",4,4.455,"Experiment / Künstlich",5
"Herzogstraße","2025/10/05 15:50:00","2025/10/05 15:53:00",2.8,"2025/10/05 15:51:00",3,2.545,"Experiment / Künstlich",4
"Wasserstraße_Springorum","2025/10/05 15:11:00","2025/10/05 15:43:00",5.2,"2025/10/05 15:16:00",32,1.02,"Experiment / Künstlich",18
"Herzogstraße","2025/10/05 14:54:00","2025/10/05 15:29:00",1.7,"2025/10/05 14:54:00",35,17,"Experiment / Künstlich",36
"Herzogstraße","2025/10/05 14:10:00","2025/10/05 14:12:00",3.9,"2025/10/05 14:10:00",2,39,"Experiment / Künstlich",3
"Herzogstraße","2025/10/05 12:20:00","2025/10/05 12:54:00",3.4,"2025/10/05 12:33:00",34,0.26,"Experiment / Künstlich",35
"Herzogstraße","2025/10/05 11:58:00","2025/10/05 11:59:00",3.7,"2025/10/05 11:59:00",1,3.364,"Experiment / Künstlich",2
"Wasserstraße_Springorum","2025/10/05 11:15:00","2025/10/05 11:21:00",5.6,"2025/10/05 11:20:00",6,1.098,"Experiment / Künstlich",7
"Wasserstraße_Springorum","2025/10/05 09:38:00","2025/10/05 09:38:00",3,"2025/10/05 09:38:00",0,30,"Experiment / Künstlich",1
"Herzogstraße","2025/10/05 08:19:00","2025/10/05 10:59:00",6.2,"2025/10/05 09:42:00",160,0.075,"Regenereignis / Natürlich",143
"Wasserstraße_Springorum","2025/10/05 07:28:00","2025/10/05 09:16:00",7,"2025/10/05 09:10:00",108,0.069,"Regenereignis / Natürlich",70
"Herzogstraße","2025/10/05 00:25:00","2025/10/05 06:31:00",4.7,"2025/10/05 01:33:00",366,0.069,"Regenereignis / Natürlich",365
"Herzogstraße","2025/10/04 20:52:00","2025/10/04 20:52:00",4.3,"2025/10/04 20:52:00",0,43,"Experiment / Künstlich",1
"Wasserstraße_Springorum","2025/10/04 20:46:00","2025/10/04 20:56:00",1.9,"2025/10/04 20:56:00",10,0.188,"Regenereignis / Natürlich",3
"Herzogstraße","2025/10/04 18:53:00","2025/10/04 20:21:00",2.4,"2025/10/04 19:01:00",88,0.296,"Regenereignis / Natürlich",85
"Herzogstraße","2025/10/04 18:30:00","2025/10/04 18:32:00",1.8,"2025/10/04 18:30:00",2,18,"Experiment / Künstlich",2
"Herzogstraße","2025/10/04 12:46:00","2025/10/04 14:36:00",3.1,"2025/10/04 13:22:00",110,0.086,"Regenereignis / Natürlich",110
"Herzogstraße","2025/10/04 12:05:00","2025/10/04 12:07:00",2.1,"2025/10/04 12:06:00",2,1.909,"Experiment / Künstlich",3
"Herzogstraße","2025/10/04 10:27:00","2025/10/04 10:35:00",2.1,"2025/10/04 10:35:00",8,0.259,"Experiment / Künstlich",3
"Herzogstraße","2025/10/04 09:59:00","2025/10/04 09:59:00",1.7,"2025/10/04 09:59:00",0,17,"Experiment / Künstlich",1
"Herzogstraße","2025/10/04 09:15:00","2025/10/04 09:15:00",1.6,"2025/10/04 09:15:00",0,16,"Experiment / Künstlich",1
"Herzogstraße","2025/10/04 07:07:00","2025/10/04 08:51:00",2.2,"2025/10/04 07:38:00",104,0.071,"Regenereignis / Natürlich",31
"Wasserstraße_Springorum","2025/10/04 05:41:00","2025/10/04 05:53:00",1.7,"2025/10/04 05:41:00",12,17,"Experiment / Künstlich",5
"Wasserstraße_Springorum","2025/10/04 05:09:00","2025/10/04 05:09:00",1.6,"2025/10/04 05:09:00",0,16,"Experiment / Künstlich",1
"Wasserstraße_Springorum","2025/10/04 04:39:00","2025/10/04 04:39:00",1.6,"2025/10/04 04:39:00",0,16,"Experiment / Künstlich",1
"Wasserstraße_Springorum","2025/10/04 02:37:00","2025/10/04 04:04:00",2.3,"2025/10/04 03:46:00",87,0.033,"Regenereignis / Natürlich",25
"Wasserstraße_Springorum","2025/10/04 01:55:00","2025/10/04 02:11:00",1.8,"2025/10/04 02:11:00",16,0.112,"Regenereignis / Natürlich",3
"Wasserstraße_Springorum","2025/10/04 01:26:00","2025/10/04 01:28:00",2.8,"2025/10/04 01:26:00",2,28,"Experiment / Künstlich",3
"Wasserstraße_Springorum","2025/10/04 00:40:00","2025/10/04 00:45:00",4.8,"2025/10/04 00:40:00",5,48,"Experiment / Künstlich",6
"Herzogstraße","2025/10/03 21:15:00","2025/10/03 21:41:00",2.3,"2025/10/03 21:16:00",26,2.091,"Experiment / Künstlich",27
"Wasserstraße_Springorum","2025/10/03 20:16:00","2025/10/03 20:16:00",5.3,"2025/10/03 20:16:00",0,53,"Experiment / Künstlich",1
"Wasserstraße_Springorum","2025/10/03 14:22:00","2025/10/03 14:22:00",4.4,"2025/10/03 14:22:00",0,44,"Experiment / Künstlich",1
"Wasserstraße_Springorum","2025/10/03 07:38:00","2025/10/03 07:38:00",4.4,"2025/10/03 07:38:00",0,44,"Experiment / Künstlich",1
"Wasserstraße_Springorum","2025/10/03 03:23:00","2025/10/03 03:23:00",4.7,"2025/10/03 03:23:00",0,47,"Experiment / Künstlich",1
"Wasserstraße_Springorum","2025/10/03 02:50:00","2025/10/03 02:51:00",5,"2025/10/03 02:50:00",1,50,"Experiment / Künstlich",2
"Wasserstraße_Springorum","2025/10/02 23:06:00","2025/10/02 23:06:00",4.3,"2025/10/02 23:06:00",0,43,"Experiment / Künstlich",1
"Wasserstraße_Springorum","2025/10/02 20:33:00","2025/10/02 20:33:00",4.6,"2025/10/02 20:33:00",0,46,"Experiment / Künstlich",1
"Wasserstraße_Springorum","2025/10/02 17:07:00","2025/10/02 17:07:00",5,"2025/10/02 17:07:00",0,50,"Experiment / Künstlich",1
"Wasserstraße_Springorum","2025/10/02 11:22:00","2025/10/02 11:22:00",4.6,"2025/10/02 11:22:00",0,46,"Experiment / Künstlich",1
"Wasserstraße_Springorum","2025/10/02 02:18:00","2025/10/02 02:38:00",4.3,"2025/10/02 02:38:00",20,0.214,"Experiment / Künstlich",2
"Wasserstraße_Springorum","2025/10/01 21:14:00","2025/10/01 21:15:00",6,"2025/10/01 21:14:00",1,60,"Experiment / Künstlich",2
"Wasserstraße_Springorum","2025/10/01 20:05:00","2025/10/01 20:05:00",5,"2025/10/01 20:05:00",0,50,"Experiment / Künstlich",1
"Wasserstraße_Springorum","2025/10/01 17:03:00","2025/10/01 17:03:00",1.8,"2025/10/01 17:03:00",0,18,"Experiment / Künstlich",1
"Wasserstraße_Springorum","2025/10/01 16:18:00","2025/10/01 16:18:00",3.4,"2025/10/01 16:18:00",0,34,"Experiment / Künstlich",1
"Wasserstraße_Springorum","2025/10/01 15:28:00","2025/10/01 15:40:00",4.9,"2025/10/01 15:40:00",12,0.405,"Experiment / Künstlich",2
"Wasserstraße_Springorum","2025/10/01 14:10:00","2025/10/01 14:10:00",2.1,"2025/10/01 14:10:00",0,21,"Experiment / Künstlich",1
"Wasserstraße_Springorum","2025/10/01 12:39:00","2025/10/01 12:39:00",3,"2025/10/01 12:39:00",0,30,"Experiment / Künstlich",1
"Wasserstraße_Springorum","2025/10/01 10:17:00","2025/10/01 10:35:00",4.4,"2025/10/01 10:17:00",18,44,"Experiment / Künstlich",2
"Wasserstraße_Springorum","2025/10/01 07:25:00","2025/10/01 07:25:00",2.3,"2025/10/01 07:25:00",0,23,"Experiment / Künstlich",1
"Wasserstraße_Springorum","2025/10/01 03:23:00","2025/10/01 03:23:00",5.1,"2025/10/01 03:23:00",0,51,"Experiment / Künstlich",1
"Wasserstraße_Springorum","2025/09/30 22:27:00","2025/09/30 22:27:00",3.8,"2025/09/30 22:27:00",0,38,"Experiment / Künstlich",1
"Wasserstraße_Springorum","2025/09/30 17:44:00","2025/09/30 17:44:00",4.3,"2025/09/30 17:44:00",0,43,"Experiment / Künstlich",1
"Wasserstraße_Springorum","2025/09/30 15:19:00","2025/09/30 15:19:00",4.7,"2025/09/30 15:19:00",0,47,"Experiment / Künstlich",1
"Herzogstraße","2025/09/30 14:05:00","2025/09/30 20:24:00",19.2,"2025/09/30 14:49:00",379,0.435,"Regenereignis / Natürlich",380
"Wasserstraße_Springorum","2025/09/30 13:33:00","2025/09/30 13:33:00",1.9,"2025/09/30 13:33:00",0,19,"Experiment / Künstlich",1
"Wasserstraße_Springorum","2025/09/30 11:10:00","2025/09/30 11:10:00",5,"2025/09/30 11:10:00",0,50,"Experiment / Künstlich",1
"Wasserstraße_Springorum","2025/09/30 10:45:00","2025/09/30 10:45:00",2.1,"2025/09/30 10:45:00",0,21,"Experiment / Künstlich",1
"Wasserstraße_Springorum","2025/09/30 08:27:00","2025/09/30 08:27:00",4.6,"2025/09/30 08:27:00",0,46,"Experiment / Künstlich",1
"Herzogstraße","2025/09/30 08:00:00","2025/09/30 08:00:00",9.4,"2025/09/30 08:00:00",0,94,"Experiment / Künstlich",1
"Herzogstraße","2025/09/30 07:00:00","2025/09/30 07:00:00",9.4,"2025/09/30 07:00:00",0,94,"Experiment / Künstlich",1
"Wasserstraße_Springorum","2025/09/30 06:48:00","2025/09/30 06:49:00",6,"2025/09/30 06:49:00",1,5.455,"Experiment / Künstlich",2
"Herzogstraße","2025/09/30 06:00:00","2025/09/30 06:00:00",9.4,"2025/09/30 06:00:00",0,94,"Experiment / Künstlich",1
"Wasserstraße_Springorum","2025/09/30 05:42:00","2025/09/30 05:42:00",3,"2025/09/30 05:42:00",0,30,"Experiment / Künstlich",1
"Wasserstraße_Springorum","2025/09/30 05:18:00","2025/09/30 05:18:00",1.7,"2025/09/30 05:18:00",0,17,"Experiment / Künstlich",1
"Herzogstraße","2025/09/30 05:00:00","2025/09/30 05:00:00",9.4,"2025/09/30 05:00:00",0,94,"Experiment / Künstlich",1
"Herzogstraße","2025/09/30 04:00:00","2025/09/30 04:00:00",9.4,"2025/09/30 04:00:00",0,94,"Experiment / Künstlich",1
"Herzogstraße","2025/09/30 03:00:00","2025/09/30 03:00:00",9.4,"2025/09/30 03:00:00",0,94,"Experiment / Künstlich",1
"Herzogstraße","2025/09/30 02:00:00","2025/09/30 02:00:00",9.4,"2025/09/30 02:00:00",0,94,"Experiment / Künstlich",1
"Herzogstraße","2025/09/30 01:00:00","2025/09/30 01:00:00",9.4,"2025/09/30 01:00:00",0,94,"Experiment / Künstlich",1
"Wasserstraße_Springorum","2025/09/30 00:58:00","2025/09/30 00:58:00",4.5,"2025/09/30 00:58:00",0,45,"Experiment / Künstlich",1
"Herzogstraße","2025/09/30 00:00:00","2025/09/30 00:00:00",9.4,"2025/09/30 00:00:00",0,94,"Experiment / Künstlich",1
"Herzogstraße","2025/09/29 23:00:00","2025/09/29 23:00:00",9.4,"2025/09/29 23:00:00",0,94,"Experiment / Künstlich",1
"Herzogstraße","2025/09/29 22:00:00","2025/09/29 22:00:00",9.4,"2025/09/29 22:00:00",0,94,"Experiment / Künstlich",1
"Herzogstraße","2025/09/29 21:00:00","2025/09/29 21:00:00",9.4,"2025/09/29 21:00:00",0,94,"Experiment / Künstlich",1
"Herzogstraße","2025/09/29 20:00:00","2025/09/29 20:00:00",9.4,"2025/09/29 20:00:00",0,94,"Experiment / Künstlich",1
"Wasserstraße_Springorum","2025/09/29 19:49:00","2025/09/29 19:49:00",4.9,"2025/09/29 19:49:00",0,49,"Experiment / Künstlich",1
"Herzogstraße","2025/09/29 19:00:00","2025/09/29 19:00:00",9.4,"2025/09/29 19:00:00",0,94,"Experiment / Künstlich",1
"Herzogstraße","2025/09/29 18:00:00","2025/09/29 18:00:00",9.4,"2025/09/29 18:00:00",0,94,"Experiment / Künstlich",1
"Herzogstraße","2025/09/29 17:00:00","2025/09/29 17:00:00",9.4,"2025/09/29 17:00:00",0,94,"Experiment / Künstlich",1
"Wasserstraße_Springorum","2025/09/29 16:17:00","2025/09/29 16:17:00",2.1,"2025/09/29 16:17:00",0,21,"Experiment / Künstlich",1
"Herzogstraße","2025/09/29 16:00:00","2025/09/29 16:00:00",9.4,"2025/09/29 16:00:00",0,94,"Experiment / Künstlich",1
"Herzogstraße","2025/09/29 15:00:00","2025/09/29 15:00:00",9.4,"2025/09/29 15:00:00",0,94,"Experiment / Künstlich",1
"Herzogstraße","2025/09/29 14:00:00","2025/09/29 14:00:00",9.4,"2025/09/29 14:00:00",0,94,"Experiment / Künstlich",1
"Wasserstraße_Springorum","2025/09/29 13:18:00","2025/09/29 13:18:00",2.2,"2025/09/29 13:18:00",0,22,"Experiment / Künstlich",1
"Herzogstraße","2025/09/29 13:00:00","2025/09/29 13:00:00",9.4,"2025/09/29 13:00:00",0,94,"Experiment / Künstlich",1
"Wasserstraße_Springorum","2025/09/29 12:30:00","2025/09/29 12:30:00",1.9,"2025/09/29 12:30:00",0,19,"Experiment / Künstlich",1
"Herzogstraße","2025/09/29 12:00:00","2025/09/29 12:00:00",9.4,"2025/09/29 12:00:00",0,94,"Experiment / Künstlich",1
"Wasserstraße_Springorum","2025/09/29 11:16:00","2025/09/29 11:16:00",5.3,"2025/09/29 11:16:00",0,53,"Experiment / Künstlich",1
"Herzogstraße","2025/09/29 11:00:00","2025/09/29 11:00:00",9.4,"2025/09/29 11:00:00",0,94,"Experiment / Künstlich",1
"Wasserstraße_Springorum","2025/09/29 10:31:00","2025/09/29 10:31:00",4,"2025/09/29 10:31:00",0,40,"Experiment / Künstlich",1
"Herzogstraße","2025/09/29 10:00:00","2025/09/29 10:00:00",9.4,"2025/09/29 10:00:00",0,94,"Experiment / Künstlich",1
"Herzogstraße","2025/09/29 09:00:00","2025/09/29 09:00:00",9.4,"2025/09/29 09:00:00",0,94,"Experiment / Künstlich",1
"Wasserstraße_Springorum","2025/09/29 08:42:00","2025/09/29 08:42:00",1.9,"2025/09/29 08:42:00",0,19,"Experiment / Künstlich",1
"An_der_Kost","2025/09/29 08:03:00","2025/09/29 08:03:00",2.4,"2025/09/29 08:03:00",0,24,"Experiment / Künstlich",1
"Herzogstraße","2025/09/29 08:00:00","2025/09/29 08:00:00",9.4,"2025/09/29 08:00:00",0,94,"Experiment / Künstlich",1
"Wasserstraße_Springorum","2025/09/29 07:45:00","2025/09/29 07:45:00",4.3,"2025/09/29 07:45:00",0,43,"Experiment / Künstlich",1
"Herzogstraße","2025/09/29 07:00:00","2025/09/29 07:00:00",9.4,"2025/09/29 07:00:00",0,94,"Experiment / Künstlich",1
"Herzogstraße","2025/09/29 06:00:00","2025/09/29 06:00:00",9.4,"2025/09/29 06:00:00",0,94,"Experiment / Künstlich",1
"Herzogstraße","2025/09/29 05:00:00","2025/09/29 05:00:00",9.4,"2025/09/29 05:00:00",0,94,"Experiment / Künstlich",1
"Herzogstraße","2025/09/29 04:00:00","2025/09/29 04:00:00",9.4,"2025/09/29 04:00:00",0,94,"Experiment / Künstlich",1
"Herzogstraße","2025/09/29 03:00:00","2025/09/29 03:00:00",9.4,"2025/09/29 03:00:00",0,94,"Experiment / Künstlich",1
"Herzogstraße","2025/09/29 02:00:00","2025/09/29 02:00:00",9.4,"2025/09/29 02:00:00",0,94,"Experiment / Künstlich",1
"Herzogstraße","2025/09/29 01:00:00","2025/09/29 01:00:00",9.4,"2025/09/29 01:00:00",0,94,"Experiment / Künstlich",1
"Wasserstraße_Springorum","2025/09/29 01:00:00","2025/09/29 01:00:00",4.4,"2025/09/29 01:00:00",0,44,"Experiment / Künstlich",1
"Herzogstraße","2025/09/29 00:00:00","2025/09/29 00:00:00",9.4,"2025/09/29 00:00:00",0,94,"Experiment / Künstlich",1
"Wasserstraße_Springorum","2025/09/28 14:19:00","2025/09/28 14:19:00",4.6,"2025/09/28 14:19:00",0,46,"Experiment / Künstlich",1
"Wasserstraße_Springorum","2025/09/28 11:54:00","2025/09/28 11:54:00",3.5,"2025/09/28 11:54:00",0,35,"Experiment / Künstlich",1
"Wasserstraße_Springorum","2025/09/28 09:42:00","2025/09/28 10:15:00",4.3,"2025/09/28 09:57:00",33,0.285,"Experiment / Künstlich",3
"Wasserstraße_Springorum","2025/09/28 09:03:00","2025/09/28 09:03:00",4.3,"2025/09/28 09:03:00",0,43,"Experiment / Künstlich",1
"Wasserstraße_Springorum","2025/09/28 07:39:00","2025/09/28 07:39:00",4.6,"2025/09/28 07:39:00",0,46,"Experiment / Künstlich",1
"Wasserstraße_Springorum","2025/09/28 07:02:00","2025/09/28 07:02:00",5,"2025/09/28 07:02:00",0,50,"Experiment / Künstlich",1
"Wasserstraße_Springorum","2025/09/27 12:30:00","2025/09/27 12:30:00",1.6,"2025/09/27 12:30:00",0,16,"Experiment / Künstlich",1
"Wasserstraße_Springorum","2025/09/27 01:26:00","2025/09/27 03:42:00",7.1,"2025/09/27 02:06:00",136,0.177,"Regenereignis / Natürlich",99
"Wasserstraße_Springorum","2025/09/27 00:13:00","2025/09/27 01:05:00",6.3,"2025/09/27 00:16:00",52,2.032,"Experiment / Künstlich",40
"Wasserstraße_Springorum","2025/09/26 23:39:00","2025/09/26 23:52:00",5.8,"2025/09/26 23:39:00",13,58,"Experiment / Künstlich",12
"Wasserstraße_Springorum","2025/09/26 22:35:00","2025/09/26 23:12:00",5.6,"2025/09/26 23:08:00",37,0.169,"Experiment / Künstlich",17
"Wasserstraße_Springorum","2025/09/26 21:50:00","2025/09/26 21:55:00",4.1,"2025/09/26 21:50:00",5,41,"Experiment / Künstlich",6
"Wasserstraße_Springorum","2025/09/26 21:19:00","2025/09/26 21:24:00",4.4,"2025/09/26 21:22:00",5,1.419,"Experiment / Künstlich",6
"Wasserstraße_Springorum","2025/09/26 17:41:00","2025/09/26 17:41:00",4.5,"2025/09/26 17:41:00",0,45,"Experiment / Künstlich",1
"Wasserstraße_Springorum","2025/09/26 13:12:00","2025/09/26 13:12:00",5.1,"2025/09/26 13:12:00",0,51,"Experiment / Künstlich",1
"Wasserstraße_Springorum","2025/09/26 12:36:00","2025/09/26 12:36:00",2,"2025/09/26 12:36:00",0,20,"Experiment / Künstlich",1
"Wasserstraße_Springorum","2025/09/26 10:30:00","2025/09/26 10:52:00",2.7,"2025/09/26 10:52:00",22,0.122,"Experiment / Künstlich",3
"Wasserstraße_Springorum","2025/09/25 17:37:00","2025/09/25 22:15:00",7.6,"2025/09/25 22:11:00",278,0.028,"Regenereignis / Natürlich",226
"Wasserstraße_Springorum","2025/09/25 10:28:00","2025/09/25 10:28:00",4.6,"2025/09/25 10:28:00",0,46,"Experiment / Künstlich",1
"Wasserstraße_Springorum","2025/09/25 06:47:00","2025/09/25 06:47:00",1.7,"2025/09/25 06:47:00",0,17,"Experiment / Künstlich",1
"Wasserstraße_Springorum","2025/09/25 03:17:00","2025/09/25 03:17:00",4.4,"2025/09/25 03:17:00",0,44,"Experiment / Künstlich",1
"Wasserstraße_Springorum","2025/09/24 14:01:00","2025/09/24 14:01:00",2.2,"2025/09/24 14:01:00",0,22,"Experiment / Künstlich",1
"Wasserstraße_Springorum","2025/09/24 13:00:00","2025/09/24 13:00:00",1.7,"2025/09/24 13:00:00",0,17,"Experiment / Künstlich",1
"Wasserstraße_Springorum","2025/09/24 09:49:00","2025/09/24 09:49:00",2.4,"2025/09/24 09:49:00",0,24,"Experiment / Künstlich",1
"Wasserstraße_Springorum","2025/09/24 05:48:00","2025/09/24 05:48:00",1.7,"2025/09/24 05:48:00",0,17,"Experiment / Künstlich",1
"Wasserstraße_Springorum","2025/09/23 19:36:00","2025/09/23 19:36:00",4.7,"2025/09/23 19:36:00",0,47,"Experiment / Künstlich",1
"Wasserstraße_Springorum","2025/09/23 11:08:00","2025/09/23 11:08:00",5.2,"2025/09/23 11:08:00",0,52,"Experiment / Künstlich",1
"Wasserstraße_Springorum","2025/09/23 07:45:00","2025/09/23 07:45:00",2.3,"2025/09/23 07:45:00",0,23,"Experiment / Künstlich",1
"Wasserstraße_Springorum","2025/09/23 00:54:00","2025/09/23 00:54:00",5,"2025/09/23 00:54:00",0,50,"Experiment / Künstlich",1
"Wasserstraße_Springorum","2025/09/22 16:49:00","2025/09/22 16:49:00",5,"2025/09/22 16:49:00",0,50,"Experiment / Künstlich",1
"Wasserstraße_Springorum","2025/09/22 14:50:00","2025/09/22 14:50:00",1.7,"2025/09/22 14:50:00",0,17,"Experiment / Künstlich",1
"Wasserstraße_Springorum","2025/09/22 06:28:00","2025/09/22 06:28:00",1.9,"2025/09/22 06:28:00",0,19,"Experiment / Künstlich",1
"Wasserstraße_Springorum","2025/09/21 15:24:00","2025/09/21 15:24:00",1.6,"2025/09/21 15:24:00",0,16,"Experiment / Künstlich",1
"Wasserstraße_Springorum","2025/09/21 14:45:00","2025/09/21 14:45:00",2.1,"2025/09/21 14:45:00",0,21,"Experiment / Künstlich",1
"Wasserstraße_Springorum","2025/09/21 11:09:00","2025/09/21 11:09:00",2.3,"2025/09/21 11:09:00",0,23,"Experiment / Künstlich",1
"Wasserstraße_Springorum","2025/09/21 03:26:00","2025/09/21 05:59:00",7.5,"2025/09/21 05:10:00",153,0.072,"Regenereignis / Natürlich",150
"Wasserstraße_Springorum","2025/09/21 01:25:00","2025/09/21 02:43:00",6.1,"2025/09/21 01:25:00",78,61,"Experiment / Künstlich",64
"Wasserstraße_Springorum","2025/09/20 16:27:00","2025/09/20 16:27:00",4.7,"2025/09/20 16:27:00",0,47,"Experiment / Künstlich",1
"Wasserstraße_Springorum","2025/09/20 15:11:00","2025/09/20 15:11:00",4.5,"2025/09/20 15:11:00",0,45,"Experiment / Künstlich",1
"Wasserstraße_Springorum","2025/09/20 13:38:00","2025/09/20 13:38:00",4.2,"2025/09/20 13:38:00",0,42,"Experiment / Künstlich",1
"Wasserstraße_Springorum","2025/09/20 06:50:00","2025/09/20 07:06:00",4.8,"2025/09/20 07:06:00",16,0.298,"Experiment / Künstlich",2
"Wasserstraße_Springorum","2025/09/20 02:11:00","2025/09/20 02:26:00",4.8,"2025/09/20 02:26:00",15,0.318,"Experiment / Künstlich",2
"Wasserstraße_Springorum","2025/09/19 18:39:00","2025/09/19 18:56:00",5,"2025/09/19 18:39:00",17,50,"Experiment / Künstlich",2
"Wasserstraße_Springorum","2025/09/19 16:26:00","2025/09/19 16:26:00",4.8,"2025/09/19 16:26:00",0,48,"Experiment / Künstlich",1
"Wasserstraße_Springorum","2025/09/19 16:02:00","2025/09/19 16:02:00",4.1,"2025/09/19 16:02:00",0,41,"Experiment / Künstlich",1
"Wasserstraße_Springorum","2025/09/19 10:24:00","2025/09/19 10:24:00",1.8,"2025/09/19 10:24:00",0,18,"Experiment / Künstlich",1
"Wasserstraße_Springorum","2025/09/19 08:24:00","2025/09/19 08:24:00",1.7,"2025/09/19 08:24:00",0,17,"Experiment / Künstlich",1
"Wasserbaulabor_2","2025/09/17 07:38:45","2025/09/17 07:57:45",2.2,"2025/09/17 07:47:45",19,0.242,"Experiment / Künstlich",61
"An_der_Kost","2025/08/08 05:24:00","2025/08/08 05:24:00",2,"2025/08/08 05:24:00",0,20,"Experiment / Künstlich",1
"An_der_Kost","2025/07/20 16:36:00","2025/07/20 16:36:00",1.6,"2025/07/20 16:36:00",0,16,"Experiment / Künstlich",1
"Wasserbaulabor_2","2025/03/09 11:30:00","2025/03/09 11:45:00",24.1,"2025/03/09 11:45:00",15,1.596,"Experiment / Künstlich",2
"Wasserbaulabor_2","2025/03/09 10:45:00","2025/03/09 11:00:00",24.9,"2025/03/09 11:00:00",15,1.649,"Experiment / Künstlich",2
"Wasserbaulabor_2","2025/03/09 09:30:00","2025/03/09 10:15:00",25,"2025/03/09 09:30:00",45,250,"Experiment / Künstlich",4
"Wasserbaulabor_2","2025/03/09 07:30:00","2025/03/09 08:00:00",25,"2025/03/09 08:00:00",30,0.831,"Experiment / Künstlich",3
"Wasserbaulabor_2","2025/03/09 06:45:00","2025/03/09 07:00:00",24.9,"2025/03/09 07:00:00",15,1.649,"Experiment / Künstlich",2
"Wasserbaulabor_2","2025/03/09 04:45:00","2025/03/09 05:00:00",24.7,"2025/03/09 04:45:00",15,247,"Experiment / Künstlich",2
"Wasserbaulabor_2","2025/03/09 03:45:00","2025/03/09 04:15:00",24.9,"2025/03/09 03:45:00",30,249,"Experiment / Künstlich",3
"Wasserbaulabor_2","2025/03/09 02:30:00","2025/03/09 02:45:00",24.6,"2025/03/09 02:45:00",15,1.629,"Experiment / Künstlich",2
"Wasserbaulabor_2","2025/03/09 00:00:00","2025/03/09 00:30:00",24.9,"2025/03/09 00:30:00",30,0.827,"Experiment / Künstlich",3
"Wasserbaulabor_2","2025/03/08 23:15:00","2025/03/08 23:30:00",24.4,"2025/03/08 23:15:00",15,244,"Experiment / Künstlich",2
"Wasserbaulabor_2","2025/03/08 22:30:00","2025/03/08 22:45:00",24.7,"2025/03/08 22:30:00",15,247,"Experiment / Künstlich",2
"Wasserbaulabor_2","2025/03/08 20:45:00","2025/03/08 22:00:00",24.9,"2025/03/08 20:45:00",75,249,"Experiment / Künstlich",6
"Wasserbaulabor_2","2025/03/08 19:45:00","2025/03/08 20:00:00",24.7,"2025/03/08 20:00:00",15,1.636,"Experiment / Künstlich",2
"Wasserbaulabor_2","2025/03/08 17:15:00","2025/03/08 17:45:00",25.1,"2025/03/08 17:15:00",30,251,"Experiment / Künstlich",3
"Wasserbaulabor_2","2025/03/08 15:15:00","2025/03/08 16:45:00",25,"2025/03/08 16:30:00",90,0.333,"Regenereignis / Natürlich",7
"Wasserbaulabor_2","2025/03/08 14:45:00","2025/03/08 14:45:00",24.9,"2025/03/08 14:45:00",0,249,"Experiment / Künstlich",1
"Wasserbaulabor_2","2025/03/08 13:15:00","2025/03/08 14:00:00",25.2,"2025/03/08 14:00:00",45,0.559,"Experiment / Künstlich",4
"Wasserbaulabor_2","2025/03/08 12:30:00","2025/03/08 12:45:00",24.7,"2025/03/08 12:30:00",15,247,"Experiment / Künstlich",2
"Wasserbaulabor_2","2025/03/08 10:45:00","2025/03/08 12:00:00",25.1,"2025/03/08 11:00:00",75,1.662,"Experiment / Künstlich",6
"Wasserbaulabor_2","2025/03/08 09:30:00","2025/03/08 10:15:00",24.6,"2025/03/08 09:45:00",45,1.629,"Experiment / Künstlich",4
"Wasserbaulabor_2","2025/03/08 08:45:00","2025/03/08 09:00:00",25,"2025/03/08 08:45:00",15,250,"Experiment / Künstlich",2
"Wasserbaulabor_2","2025/03/08 07:45:00","2025/03/08 08:15:00",24.6,"2025/03/08 08:00:00",30,1.629,"Experiment / Künstlich",3
"Wasserbaulabor_2","2025/03/08 05:45:00","2025/03/08 06:00:00",24.7,"2025/03/08 06:00:00",15,1.636,"Experiment / Künstlich",2
"Wasserbaulabor_2","2025/03/08 01:30:00","2025/03/08 02:00:00",24.6,"2025/03/08 02:00:00",30,0.817,"Experiment / Künstlich",3
"Wasserbaulabor_2","2025/03/08 00:15:00","2025/03/08 01:00:00",25,"2025/03/08 01:00:00",45,0.554,"Experiment / Künstlich",4
"Wasserbaulabor_2","2025/03/07 21:30:00","2025/03/07 23:30:00",20.9,"2025/03/07 21:45:00",120,1.384,"Experiment / Künstlich",9
"Wasserbaulabor_2","2025/03/07 20:15:00","2025/03/07 21:00:00",20.5,"2025/03/07 20:30:00",45,1.358,"Experiment / Künstlich",4
"Wasserbaulabor_2","2025/03/07 18:45:00","2025/03/07 19:00:00",18.3,"2025/03/07 18:45:00",15,183,"Experiment / Künstlich",2
"Wasserbaulabor_2","2025/03/07 14:45:00","2025/03/07 14:45:00",18.7,"2025/03/07 14:45:00",0,187,"Experiment / Künstlich",1
"Wasserbaulabor_2","2025/03/07 13:15:00","2025/03/07 14:00:00",19.6,"2025/03/07 13:30:00",45,1.298,"Experiment / Künstlich",4
"Wasserbaulabor_2","2025/03/07 10:00:00","2025/03/07 10:15:00",20.9,"2025/03/07 10:15:00",15,1.384,"Experiment / Künstlich",2
"Wasserbaulabor_2","2025/03/07 05:30:00","2025/03/07 07:15:00",20.8,"2025/03/07 06:15:00",105,0.461,"Regenereignis / Natürlich",8
"Wasserbaulabor_2","2025/03/07 01:15:00","2025/03/07 02:15:00",20.1,"2025/03/07 01:30:00",60,1.331,"Experiment / Künstlich",5
"Wasserbaulabor_2","2025/03/06 19:30:00","2025/03/06 19:45:00",19.2,"2025/03/06 19:30:00",15,192,"Experiment / Künstlich",2
"Wasserbaulabor_2","2025/03/06 15:00:00","2025/03/06 15:00:00",20.9,"2025/03/06 15:00:00",0,209,"Experiment / Künstlich",1
"Wasserbaulabor_2","2025/03/06 12:00:00","2025/03/06 12:15:00",19.3,"2025/03/06 12:15:00",15,1.278,"Experiment / Künstlich",2
"Wasserbaulabor_2","2025/03/06 10:15:00","2025/03/06 10:15:00",4,"2025/03/06 10:15:00",0,40,"Experiment / Künstlich",1
"Wasserbaulabor_2","2025/03/06 05:00:00","2025/03/06 05:15:00",19,"2025/03/06 05:00:00",15,190,"Experiment / Künstlich",2
"Wasserbaulabor_2","2025/03/06 04:00:00","2025/03/06 04:30:00",19.9,"2025/03/06 04:30:00",30,0.661,"Experiment / Künstlich",3
"Wasserbaulabor_2","2025/03/06 00:15:00","2025/03/06 00:45:00",20.1,"2025/03/06 00:30:00",30,1.331,"Experiment / Künstlich",3
"Wasserbaulabor_2","2025/03/05 22:15:00","2025/03/05 23:30:00",29.6,"2025/03/05 23:00:00",75,0.656,"Experiment / Künstlich",6
"Wasserbaulabor_2","2025/03/05 20:15:00","2025/03/05 20:30:00",20.6,"2025/03/05 20:15:00",15,206,"Experiment / Künstlich",2
"Wasserbaulabor_2","2025/03/05 19:00:00","2025/03/05 19:15:00",18.9,"2025/03/05 19:00:00",15,189,"Experiment / Künstlich",2
"Wasserbaulabor_2","2025/03/05 17:45:00","2025/03/05 18:00:00",19.9,"2025/03/05 18:00:00",15,1.318,"Experiment / Künstlich",2
"Wasserbaulabor_2","2025/03/05 13:45:00","2025/03/05 14:45:00",20.9,"2025/03/05 14:30:00",60,0.463,"Regenereignis / Natürlich",5
"Wasserbaulabor_2","2025/03/05 07:15:00","2025/03/05 07:45:00",20.4,"2025/03/05 07:45:00",30,0.678,"Experiment / Künstlich",3
"Wasserbaulabor_2","2025/03/05 05:45:00","2025/03/05 06:15:00",19.4,"2025/03/05 05:45:00",30,194,"Experiment / Künstlich",3
"Wasserbaulabor_2","2025/03/05 04:15:00","2025/03/05 04:30:00",20,"2025/03/05 04:15:00",15,200,"Experiment / Künstlich",2
"Wasserbaulabor_2","2025/03/05 03:00:00","2025/03/05 03:45:00",20.9,"2025/03/05 03:00:00",45,209,"Experiment / Künstlich",4
"Wasserbaulabor_2","2025/03/05 00:00:00","2025/03/05 00:30:00",19.3,"2025/03/05 00:15:00",30,1.278,"Experiment / Künstlich",3
"Wasserbaulabor_2","2025/03/04 23:15:00","2025/03/04 23:30:00",20.1,"2025/03/04 23:30:00",15,1.331,"Experiment / Künstlich",2
"Wasserbaulabor_2","2025/03/04 21:00:00","2025/03/04 21:15:00",19.1,"2025/03/04 21:00:00",15,191,"Experiment / Künstlich",2
"Wasserbaulabor_2","2025/03/04 19:00:00","2025/03/04 20:15:00",20.9,"2025/03/04 20:00:00",75,0.348,"Regenereignis / Natürlich",6
"Wasserbaulabor_2","2025/03/04 13:30:00","2025/03/04 13:45:00",18.6,"2025/03/04 13:30:00",15,186,"Experiment / Künstlich",2
"Wasserbaulabor_2","2025/03/04 07:00:00","2025/03/04 07:15:00",18.8,"2025/03/04 07:15:00",15,1.245,"Experiment / Künstlich",2
"Wasserbaulabor_2","2025/03/04 05:15:00","2025/03/04 05:30:00",20.9,"2025/03/04 05:30:00",15,1.384,"Experiment / Künstlich",2
"Wasserbaulabor_2","2025/03/04 04:15:00","2025/03/04 04:45:00",20,"2025/03/04 04:30:00",30,1.325,"Experiment / Künstlich",3
"Wasserbaulabor_2","2025/03/04 03:30:00","2025/03/04 03:45:00",21.2,"2025/03/04 03:45:00",15,1.404,"Experiment / Künstlich",2
"Wasserbaulabor_2","2025/03/04 01:45:00","2025/03/04 02:00:00",20.3,"2025/03/04 02:00:00",15,1.344,"Experiment / Künstlich",2
"Wasserbaulabor_2","2025/03/03 22:00:00","2025/03/03 22:30:00",19.3,"2025/03/03 22:00:00",30,193,"Experiment / Künstlich",3
"Wasserbaulabor_2","2025/03/03 21:00:00","2025/03/03 21:30:00",20.8,"2025/03/03 21:15:00",30,1.377,"Experiment / Künstlich",3
"Wasserbaulabor_2","2025/03/03 20:15:00","2025/03/03 20:30:00",20.2,"2025/03/03 20:15:00",15,202,"Experiment / Künstlich",2
"Wasserbaulabor_2","2025/03/03 19:15:00","2025/03/03 19:45:00",20.6,"2025/03/03 19:15:00",30,206,"Experiment / Künstlich",3
"Wasserbaulabor_2","2025/03/03 17:15:00","2025/03/03 17:15:00",3.8,"2025/03/03 17:15:00",0,38,"Experiment / Künstlich",1
"Wasserbaulabor_2","2025/03/03 16:00:00","2025/03/03 16:15:00",28.9,"2025/03/03 16:00:00",15,289,"Experiment / Künstlich",2
"Wasserbaulabor_2","2025/03/03 14:45:00","2025/03/03 15:00:00",20.2,"2025/03/03 14:45:00",15,202,"Experiment / Künstlich",2
"Wasserbaulabor_2","2025/03/03 13:45:00","2025/03/03 14:00:00",21.3,"2025/03/03 14:00:00",15,1.411,"Experiment / Künstlich",2
"Wasserbaulabor_2","2025/03/03 12:30:00","2025/03/03 13:00:00",20.6,"2025/03/03 12:45:00",30,1.364,"Experiment / Künstlich",3
"Wasserbaulabor_2","2025/03/03 10:45:00","2025/03/03 11:15:00",20.9,"2025/03/03 11:15:00",30,0.694,"Experiment / Künstlich",3
"Wasserbaulabor_2","2025/03/03 10:00:00","2025/03/03 10:15:00",29.2,"2025/03/03 10:15:00",15,1.934,"Experiment / Künstlich",2
"Wasserbaulabor_2","2025/03/03 06:30:00","2025/03/03 07:15:00",21.5,"2025/03/03 07:15:00",45,0.477,"Regenereignis / Natürlich",4
"Wasserbaulabor_2","2025/03/03 04:00:00","2025/03/03 04:15:00",20.4,"2025/03/03 04:00:00",15,204,"Experiment / Künstlich",2
"Wasserbaulabor_2","2025/03/03 02:30:00","2025/03/03 02:45:00",20.1,"2025/03/03 02:30:00",15,201,"Experiment / Künstlich",2
"Wasserbaulabor_2","2025/03/03 01:45:00","2025/03/03 02:00:00",20.4,"2025/03/03 01:45:00",15,204,"Experiment / Künstlich",2
"Wasserbaulabor_2","2025/03/02 21:15:00","2025/03/02 22:15:00",20.8,"2025/03/02 21:30:00",60,1.377,"Experiment / Künstlich",5
"Wasserbaulabor_2","2025/03/02 19:45:00","2025/03/02 20:00:00",18.9,"2025/03/02 20:00:00",15,1.252,"Experiment / Künstlich",2
"Wasserbaulabor_2","2025/03/02 17:00:00","2025/03/02 18:00:00",20.9,"2025/03/02 17:15:00",60,1.384,"Experiment / Künstlich",5
"Wasserbaulabor_2","2025/03/02 15:00:00","2025/03/02 15:00:00",21,"2025/03/02 15:00:00",0,210,"Experiment / Künstlich",1
"Wasserbaulabor_2","2025/03/02 13:15:00","2025/03/02 13:45:00",19.1,"2025/03/02 13:15:00",30,191,"Experiment / Künstlich",3
"Wasserbaulabor_2","2025/03/02 11:30:00","2025/03/02 11:45:00",21.5,"2025/03/02 11:45:00",15,1.424,"Experiment / Künstlich",2
"Wasserbaulabor_2","2025/03/02 08:45:00","2025/03/02 09:00:00",18.7,"2025/03/02 08:45:00",15,187,"Experiment / Künstlich",2
"Wasserbaulabor_2","2025/03/02 07:45:00","2025/03/02 08:00:00",20.8,"2025/03/02 08:00:00",15,1.377,"Experiment / Künstlich",2
"Wasserbaulabor_2","2025/03/02 04:15:00","2025/03/02 04:45:00",19.5,"2025/03/02 04:45:00",30,0.648,"Experiment / Künstlich",3
"Wasserbaulabor_2","2025/03/02 02:45:00","2025/03/02 03:15:00",20.1,"2025/03/02 03:00:00",30,1.331,"Experiment / Künstlich",3
"Wasserbaulabor_2","2025/03/02 02:00:00","2025/03/02 02:15:00",20.6,"2025/03/02 02:00:00",15,206,"Experiment / Künstlich",2
"Wasserbaulabor_2","2025/03/01 22:45:00","2025/03/02 00:30:00",20.9,"2025/03/02 00:15:00",105,0.232,"Regenereignis / Natürlich",8
"Wasserbaulabor_2","2025/03/01 19:45:00","2025/03/01 20:45:00",20.1,"2025/03/01 19:45:00",60,201,"Experiment / Künstlich",5
"Wasserbaulabor_2","2025/03/01 17:45:00","2025/03/01 18:00:00",19,"2025/03/01 17:45:00",15,190,"Experiment / Künstlich",2
"Wasserbaulabor_2","2025/03/01 17:00:00","2025/03/01 17:15:00",18.2,"2025/03/01 17:00:00",15,182,"Experiment / Künstlich",2
"Wasserbaulabor_2","2025/03/01 15:30:00","2025/03/01 16:30:00",20.4,"2025/03/01 16:00:00",60,0.678,"Experiment / Künstlich",5
"Wasserbaulabor_2","2025/03/01 14:45:00","2025/03/01 14:45:00",18.8,"2025/03/01 14:45:00",0,188,"Experiment / Künstlich",1
"Wasserbaulabor_2","2025/03/01 09:45:00","2025/03/01 10:00:00",19.5,"2025/03/01 09:45:00",15,195,"Experiment / Künstlich",2
"Wasserbaulabor_2","2025/03/01 08:45:00","2025/03/01 09:15:00",20.4,"2025/03/01 09:15:00",30,0.678,"Experiment / Künstlich",3
"Wasserbaulabor_2","2025/03/01 05:45:00","2025/03/01 06:00:00",20.7,"2025/03/01 06:00:00",15,1.371,"Experiment / Künstlich",2
"Wasserbaulabor_2","2025/03/01 04:15:00","2025/03/01 05:00:00",20.2,"2025/03/01 04:45:00",45,0.671,"Experiment / Künstlich",4
"Wasserbaulabor_2","2025/03/01 02:30:00","2025/03/01 03:00:00",20.6,"2025/03/01 03:00:00",30,0.684,"Experiment / Künstlich",3
"Wasserbaulabor_2","2025/02/28 21:30:00","2025/02/28 22:00:00",20.2,"2025/02/28 22:00:00",30,0.671,"Experiment / Künstlich",3
"Wasserbaulabor_2","2025/02/28 20:30:00","2025/02/28 21:00:00",20.2,"2025/02/28 20:45:00",30,1.338,"Experiment / Künstlich",3
"Wasserbaulabor_2","2025/02/28 19:30:00","2025/02/28 20:00:00",20.4,"2025/02/28 19:45:00",30,1.351,"Experiment / Künstlich",3
"Wasserbaulabor_2","2025/02/28 17:15:00","2025/02/28 17:30:00",19.8,"2025/02/28 17:30:00",15,1.311,"Experiment / Künstlich",2
"Wasserbaulabor_2","2025/02/28 15:00:00","2025/02/28 15:00:00",20.2,"2025/02/28 15:00:00",0,202,"Experiment / Künstlich",1
"Wasserbaulabor_2","2025/02/28 10:45:00","2025/02/28 11:30:00",20.9,"2025/02/28 11:15:00",45,0.694,"Experiment / Künstlich",4
"Wasserbaulabor_2","2025/02/28 06:45:00","2025/02/28 07:00:00",21.1,"2025/02/28 06:45:00",15,211,"Experiment / Künstlich",2
"Wasserbaulabor_2","2025/02/28 05:45:00","2025/02/28 06:00:00",19.4,"2025/02/28 05:45:00",15,194,"Experiment / Künstlich",2
"Wasserbaulabor_2","2025/02/28 03:00:00","2025/02/28 03:15:00",18.5,"2025/02/28 03:00:00",15,185,"Experiment / Künstlich",2
"Wasserbaulabor_2","2025/02/28 01:00:00","2025/02/28 01:15:00",20.7,"2025/02/28 01:15:00",15,1.371,"Experiment / Künstlich",2
"Wasserbaulabor_2","2025/02/27 23:45:00","2025/02/28 00:00:00",19.5,"2025/02/27 23:45:00",15,195,"Experiment / Künstlich",2
"Wasserbaulabor_2","2025/02/27 21:30:00","2025/02/27 21:45:00",18.4,"2025/02/27 21:30:00",15,184,"Experiment / Künstlich",2
"Wasserbaulabor_2","2025/02/27 20:00:00","2025/02/27 20:30:00",20.6,"2025/02/27 20:15:00",30,1.364,"Experiment / Künstlich",3
"Wasserbaulabor_2","2025/02/27 14:30:00","2025/02/27 15:00:00",20,"2025/02/27 14:30:00",30,200,"Experiment / Künstlich",3
"Wasserbaulabor_2","2025/02/27 12:45:00","2025/02/27 13:30:00",19.2,"2025/02/27 12:45:00",45,192,"Experiment / Künstlich",4
"Wasserbaulabor_2","2025/02/27 07:45:00","2025/02/27 08:00:00",20.2,"2025/02/27 08:00:00",15,1.338,"Experiment / Künstlich",2
"Wasserbaulabor_2","2025/02/27 06:00:00","2025/02/27 06:30:00",20.8,"2025/02/27 06:15:00",30,1.377,"Experiment / Künstlich",3
"Wasserbaulabor_2","2025/02/27 04:45:00","2025/02/27 04:45:00",4.6,"2025/02/27 04:45:00",0,46,"Experiment / Künstlich",1
"Wasserbaulabor_2","2025/02/27 03:00:00","2025/02/27 03:15:00",20.7,"2025/02/27 03:15:00",15,1.371,"Experiment / Künstlich",2
"Wasserbaulabor_2","2025/02/26 23:45:00","2025/02/27 00:00:00",29.2,"2025/02/26 23:45:00",15,292,"Experiment / Künstlich",2
"Wasserbaulabor_2","2025/02/26 21:45:00","2025/02/26 22:30:00",20.1,"2025/02/26 21:45:00",45,201,"Experiment / Künstlich",4
"Wasserbaulabor_2","2025/02/26 16:30:00","2025/02/26 17:00:00",20,"2025/02/26 16:30:00",30,200,"Experiment / Künstlich",3
"Wasserbaulabor_2","2025/02/26 14:45:00","2025/02/26 14:45:00",18,"2025/02/26 14:45:00",0,180,"Experiment / Künstlich",1
"Wasserbaulabor_2","2025/02/26 10:15:00","2025/02/26 10:45:00",18.8,"2025/02/26 10:15:00",30,188,"Experiment / Künstlich",3
"Wasserbaulabor_2","2025/02/26 09:30:00","2025/02/26 09:45:00",29.7,"2025/02/26 09:30:00",15,297,"Experiment / Künstlich",2
"Wasserbaulabor_2","2025/02/26 06:15:00","2025/02/26 06:30:00",20.2,"2025/02/26 06:30:00",15,1.338,"Experiment / Künstlich",2
"Wasserbaulabor_2","2025/02/26 04:45:00","2025/02/26 05:00:00",20.5,"2025/02/26 04:45:00",15,205,"Experiment / Künstlich",2
"Wasserbaulabor_2","2025/02/25 20:45:00","2025/02/25 21:00:00",18.6,"2025/02/25 21:00:00",15,1.232,"Experiment / Künstlich",2
"Wasserbaulabor_2","2025/02/25 17:45:00","2025/02/25 18:15:00",18.9,"2025/02/25 17:45:00",30,189,"Experiment / Künstlich",3
"Wasserbaulabor_2","2025/02/25 16:30:00","2025/02/25 16:45:00",20.7,"2025/02/25 16:45:00",15,1.371,"Experiment / Künstlich",2
"Wasserbaulabor_2","2025/02/25 15:00:00","2025/02/25 15:00:00",19.7,"2025/02/25 15:00:00",0,197,"Experiment / Künstlich",1
"Wasserbaulabor_2","2025/02/25 12:00:00","2025/02/25 12:15:00",18.9,"2025/02/25 12:15:00",15,1.252,"Experiment / Künstlich",2
"Wasserbaulabor_2","2025/02/25 11:15:00","2025/02/25 11:30:00",19.5,"2025/02/25 11:30:00",15,1.291,"Experiment / Künstlich",2
"Wasserbaulabor_2","2025/02/25 09:00:00","2025/02/25 10:15:00",20.1,"2025/02/25 09:45:00",75,0.446,"Regenereignis / Natürlich",6
"Wasserbaulabor_2","2025/02/25 07:00:00","2025/02/25 07:30:00",19.6,"2025/02/25 07:00:00",30,196,"Experiment / Künstlich",3
"Wasserbaulabor_2","2025/02/25 04:45:00","2025/02/25 05:00:00",20.7,"2025/02/25 04:45:00",15,207,"Experiment / Künstlich",2
"Wasserbaulabor_2","2025/02/25 03:45:00","2025/02/25 04:00:00",17.4,"2025/02/25 03:45:00",15,174,"Experiment / Künstlich",2
"Wasserbaulabor_2","2025/02/25 02:00:00","2025/02/25 02:15:00",20.5,"2025/02/25 02:15:00",15,1.358,"Experiment / Künstlich",2
"Wasserbaulabor_2","2025/02/25 00:30:00","2025/02/25 01:30:00",20.3,"2025/02/25 00:45:00",60,1.344,"Experiment / Künstlich",5
"Wasserbaulabor_2","2025/02/24 23:45:00","2025/02/25 00:00:00",20.1,"2025/02/25 00:00:00",15,1.331,"Experiment / Künstlich",2
"Wasserbaulabor_2","2025/02/24 22:30:00","2025/02/24 23:15:00",18.8,"2025/02/24 23:15:00",45,0.417,"Regenereignis / Natürlich",4
"Wasserbaulabor_2","2025/02/24 21:00:00","2025/02/24 21:30:00",20.1,"2025/02/24 21:00:00",30,201,"Experiment / Künstlich",3
"Wasserbaulabor_2","2025/02/24 18:15:00","2025/02/24 18:30:00",20.5,"2025/02/24 18:15:00",15,205,"Experiment / Künstlich",2
"Wasserbaulabor_2","2025/02/24 17:15:00","2025/02/24 17:30:00",18.8,"2025/02/24 17:30:00",15,1.245,"Experiment / Künstlich",2
"Wasserbaulabor_2","2025/02/24 15:30:00","2025/02/24 16:00:00",19.5,"2025/02/24 15:45:00",30,1.291,"Experiment / Künstlich",3
"Wasserbaulabor_2","2025/02/24 15:00:00","2025/02/24 15:00:00",20.1,"2025/02/24 15:00:00",0,201,"Experiment / Künstlich",1
"Wasserbaulabor_2","2025/02/24 13:15:00","2025/02/24 13:30:00",17.9,"2025/02/24 13:15:00",15,179,"Experiment / Künstlich",2
"Wasserbaulabor_2","2025/02/24 11:30:00","2025/02/24 11:45:00",18.9,"2025/02/24 11:45:00",15,1.252,"Experiment / Künstlich",2
"Wasserbaulabor_2","2025/02/24 10:15:00","2025/02/24 10:45:00",20,"2025/02/24 10:30:00",30,1.325,"Experiment / Künstlich",3
"Wasserbaulabor_2","2025/02/24 06:15:00","2025/02/24 06:30:00",29.2,"2025/02/24 06:15:00",15,292,"Experiment / Künstlich",2
"Wasserbaulabor_2","2025/02/24 03:00:00","2025/02/24 03:45:00",19.9,"2025/02/24 03:00:00",45,199,"Experiment / Künstlich",4
"Wasserbaulabor_2","2025/02/24 01:45:00","2025/02/24 02:15:00",20,"2025/02/24 02:15:00",30,0.664,"Experiment / Künstlich",3
"Wasserbaulabor_2","2025/02/24 00:15:00","2025/02/24 01:00:00",20.5,"2025/02/24 00:30:00",45,1.358,"Experiment / Künstlich",4
"Wasserbaulabor_2","2025/02/23 22:15:00","2025/02/23 22:30:00",20.4,"2025/02/23 22:30:00",15,1.351,"Experiment / Künstlich",2
"Wasserbaulabor_2","2025/02/23 19:30:00","2025/02/23 20:00:00",20.3,"2025/02/23 19:30:00",30,203,"Experiment / Künstlich",3
"Wasserbaulabor_2","2025/02/23 18:45:00","2025/02/23 19:00:00",19.1,"2025/02/23 19:00:00",15,1.265,"Experiment / Künstlich",2
"Wasserbaulabor_2","2025/02/23 10:15:00","2025/02/23 10:30:00",19.9,"2025/02/23 10:15:00",15,199,"Experiment / Künstlich",2
"Wasserbaulabor_2","2025/02/23 08:15:00","2025/02/23 09:45:00",28.5,"2025/02/23 09:15:00",90,0.474,"Regenereignis / Natürlich",7
"Wasserbaulabor_2","2025/02/23 07:15:00","2025/02/23 07:45:00",20,"2025/02/23 07:45:00",30,0.664,"Experiment / Künstlich",3
"Wasserbaulabor_2","2025/02/23 05:30:00","2025/02/23 06:30:00",20.4,"2025/02/23 05:45:00",60,1.351,"Experiment / Künstlich",5
"Wasserbaulabor_2","2025/02/23 04:30:00","2025/02/23 05:00:00",20.1,"2025/02/23 04:30:00",30,201,"Experiment / Künstlich",3
"Wasserbaulabor_2","2025/02/23 03:15:00","2025/02/23 03:30:00",19.4,"2025/02/23 03:15:00",15,194,"Experiment / Künstlich",2
"Wasserbaulabor_2","2025/02/23 01:45:00","2025/02/23 02:45:00",20.1,"2025/02/23 02:15:00",60,0.668,"Experiment / Künstlich",5
"Wasserbaulabor_2","2025/02/22 23:45:00","2025/02/23 00:00:00",17.8,"2025/02/22 23:45:00",15,178,"Experiment / Künstlich",2
"Wasserbaulabor_2","2025/02/22 22:45:00","2025/02/22 23:00:00",20.1,"2025/02/22 22:45:00",15,201,"Experiment / Künstlich",2
"Wasserbaulabor_2","2025/02/22 20:30:00","2025/02/22 21:00:00",20.4,"2025/02/22 20:30:00",30,204,"Experiment / Künstlich",3
"Wasserbaulabor_2","2025/02/22 16:00:00","2025/02/22 16:15:00",19.3,"2025/02/22 16:00:00",15,193,"Experiment / Künstlich",2
"Wasserbaulabor_2","2025/02/22 15:00:00","2025/02/22 15:15:00",18.7,"2025/02/22 15:15:00",15,1.238,"Experiment / Künstlich",2
"Wasserbaulabor_2","2025/02/22 13:15:00","2025/02/22 13:30:00",19.4,"2025/02/22 13:15:00",15,194,"Experiment / Künstlich",2
"Wasserbaulabor_2","2025/02/22 10:30:00","2025/02/22 11:00:00",20.4,"2025/02/22 10:30:00",30,204,"Experiment / Künstlich",3
"Wasserbaulabor_2","2025/02/22 09:00:00","2025/02/22 09:15:00",19.6,"2025/02/22 09:00:00",15,196,"Experiment / Künstlich",2
"Wasserbaulabor_2","2025/02/22 07:30:00","2025/02/22 07:45:00",19.7,"2025/02/22 07:45:00",15,1.305,"Experiment / Künstlich",2
"Wasserbaulabor_2","2025/02/22 00:30:00","2025/02/22 00:45:00",19.4,"2025/02/22 00:45:00",15,1.285,"Experiment / Künstlich",2
"Wasserbaulabor_2","2025/02/21 23:00:00","2025/02/21 23:15:00",24.7,"2025/02/21 23:00:00",15,247,"Experiment / Künstlich",2
"Wasserbaulabor_2","2025/02/21 20:30:00","2025/02/21 22:30:00",29.1,"2025/02/21 21:15:00",120,0.645,"Experiment / Künstlich",9
"Wasserbaulabor_2","2025/02/21 19:30:00","2025/02/21 19:45:00",29.8,"2025/02/21 19:30:00",15,298,"Experiment / Künstlich",2
"Wasserbaulabor_2","2025/02/21 17:30:00","2025/02/21 18:30:00",25.4,"2025/02/21 18:30:00",60,0.423,"Regenereignis / Natürlich",5
"Wasserbaulabor_2","2025/02/21 15:45:00","2025/02/21 17:00:00",25.8,"2025/02/21 16:15:00",75,0.857,"Experiment / Künstlich",6
"Wasserbaulabor_2","2025/02/21 12:30:00","2025/02/21 15:00:00",26.1,"2025/02/21 12:45:00",150,1.728,"Experiment / Künstlich",11
"Wasserbaulabor_2","2025/02/21 11:00:00","2025/02/21 12:00:00",25.5,"2025/02/21 11:30:00",60,0.847,"Experiment / Künstlich",5
"Wasserbaulabor_2","2025/02/21 09:45:00","2025/02/21 10:30:00",25.1,"2025/02/21 10:30:00",45,0.557,"Experiment / Künstlich",4
"Wasserbaulabor_2","2025/02/21 08:45:00","2025/02/21 09:00:00",25.8,"2025/02/21 08:45:00",15,258,"Experiment / Künstlich",2
"Wasserbaulabor_2","2025/02/21 07:30:00","2025/02/21 08:15:00",25.4,"2025/02/21 07:45:00",45,1.682,"Experiment / Künstlich",4
"Wasserbaulabor_2","2025/02/21 06:15:00","2025/02/21 07:00:00",25.3,"2025/02/21 06:30:00",45,1.675,"Experiment / Künstlich",4
"Wasserbaulabor_2","2025/02/21 04:00:00","2025/02/21 05:45:00",25.4,"2025/02/21 04:45:00",105,0.563,"Experiment / Künstlich",8
"Wasserbaulabor_2","2025/02/21 02:00:00","2025/02/21 02:15:00",25.3,"2025/02/21 02:15:00",15,1.675,"Experiment / Künstlich",2
"Wasserbaulabor_2","2025/02/21 01:00:00","2025/02/21 01:30:00",25.3,"2025/02/21 01:15:00",30,1.675,"Experiment / Künstlich",3
"Wasserbaulabor_2","2025/02/20 23:00:00","2025/02/21 00:30:00",25.4,"2025/02/21 00:00:00",90,0.423,"Regenereignis / Natürlich",7
"Wasserbaulabor_2","2025/02/20 20:30:00","2025/02/20 22:15:00",25.4,"2025/02/20 21:00:00",105,0.844,"Experiment / Künstlich",8
"Wasserbaulabor_2","2025/02/20 18:00:00","2025/02/20 20:00:00",25.3,"2025/02/20 18:00:00",120,253,"Experiment / Künstlich",9
"Wasserbaulabor_2","2025/02/20 15:15:00","2025/02/20 17:30:00",25.3,"2025/02/20 15:15:00",135,253,"Experiment / Künstlich",10
