station,start_time,end_time,peak_level_cm,peak_time,duration_min,avg_gradient_cm_min,points_count
Herzogstraße_merged_export,2026-02-22T04:49:00Z,2026-02-22T05:04:00Z,2.1,2026-02-22T05:04:00Z,15,0.139,4
Herzogstraße_merged_export,2026-02-22T03:47:00Z,2026-02-22T04:27:00Z,2.1,2026-02-22T04:09:00Z,40,0.095,28
Herzogstraße_merged_export,2026-02-22T02:37:00Z,2026-02-22T02:37:00Z,2.3,2026-02-22T02:37:00Z,0,23,1
Herzogstraße_merged_export,2026-02-22T01:54:00Z,2026-02-22T02:08:00Z,2.6,2026-02-22T01:54:00Z,14,26,12
Herzogstraße_merged_export,2026-02-22T00:00:00Z,2026-02-22T01:25:00Z,6.4,2026-02-22T01:23:00Z,85,0.077,74
Herzogstraße_merged_export,2026-02-21T20:15:00Z,2026-02-21T22:50:00Z,3.5,2026-02-21T20:16:00Z,155,3.182,156
Herzogstraße_merged_export,2026-02-21T17:25:00Z,2026-02-21T17:25:00Z,4.4,2026-02-21T17:25:00Z,0,44,1
Herzogstraße_merged_export,2026-02-21T14:41:00Z,2026-02-21T16:26:00Z,3.9,2026-02-21T14:58:00Z,105,0.228,88
Herzogstraße_merged_export,2026-02-21T14:09:00Z,2026-02-21T14:09:00Z,5.1,2026-02-21T14:09:00Z,0,51,1
Herzogstraße_merged_export,2026-02-21T12:37:00Z,2026-02-21T12:50:00Z,5.3,2026-02-21T12:50:00Z,13,0.405,2
Herzogstraße_merged_export,2026-02-21T11:01:00Z,2026-02-21T11:12:00Z,5.5,2026-02-21T11:01:00Z,11,55,2
Herzogstraße_merged_export,2026-02-21T07:13:00Z,2026-02-21T09:00:00Z,3.9,2026-02-21T07:14:00Z,107,3.545,87
Herzogstraße_merged_export,2026-02-19T23:40:00Z,2026-02-19T23:59:00Z,1.6,2026-02-19T23:40:00Z,19,16,20
Herzogstraße_merged_export,2026-02-19T17:53:00Z,2026-02-19T17:53:00Z,1.6,2026-02-19T17:53:00Z,0,16,1
Herzogstraße_merged_export,2026-02-19T14:46:00Z,2026-02-19T15:15:00Z,2.1,2026-02-19T14:46:00Z,29,21,16
Herzogstraße_merged_export,2026-02-19T13:40:00Z,2026-02-19T14:20:00Z,3,2026-02-19T13:53:00Z,40,0.229,39
Herzogstraße_merged_export,2026-02-19T12:14:00Z,2026-02-19T12:51:00Z,3.1,2026-02-19T12:34:00Z,37,0.154,21
Herzogstraße_merged_export,2026-02-19T10:15:00Z,2026-02-19T11:31:00Z,3.4,2026-02-19T10:36:00Z,76,0.161,64
Herzogstraße_merged_export,2026-02-19T09:47:00Z,2026-02-19T09:47:00Z,4.7,2026-02-19T09:47:00Z,0,47,1
Herzogstraße_merged_export,2026-02-19T08:43:00Z,2026-02-19T08:43:00Z,2.7,2026-02-19T08:43:00Z,0,27,1
Herzogstraße_merged_export,2026-02-19T05:06:00Z,2026-02-19T05:17:00Z,1.8,2026-02-19T05:06:00Z,11,18,11
Königsallee_Springorum_merged_export,2026-02-19T04:22:00Z,2026-02-19T04:22:00Z,1.8,2026-02-19T04:22:00Z,0,18,1
Wasserbaulabor_2_merged_export,2026-02-18T09:18:15Z,2026-02-18T09:48:45Z,3.1,2026-02-18T09:36:00Z,30.5,0.174,206
Herzogstraße_merged_export,2026-02-18T00:52:00Z,2026-02-18T00:52:00Z,4.7,2026-02-18T00:52:00Z,0,47,2
Herzogstraße_merged_export,2026-02-18T00:18:00Z,2026-02-18T00:18:00Z,4.3,2026-02-18T00:18:00Z,0,43,2
Herzogstraße_merged_export,2026-02-17T20:26:00Z,2026-02-17T21:42:00Z,3.5,2026-02-17T20:33:00Z,76,0.493,110
Herzogstraße_merged_export,2026-02-17T16:20:00Z,2026-02-17T16:37:00Z,2.6,2026-02-17T16:25:00Z,17,0.51,34
Herzogstraße_merged_export,2026-02-17T15:34:00Z,2026-02-17T15:43:00Z,3.7,2026-02-17T15:37:00Z,9,1.194,20
Herzogstraße_merged_export,2026-02-17T14:00:00Z,2026-02-17T14:56:00Z,2.2,2026-02-17T14:56:00Z,56,0.039,12
Herzogstraße_merged_export,2026-02-17T11:07:00Z,2026-02-17T13:27:00Z,3.8,2026-02-17T12:12:00Z,140,0.058,212
Herzogstraße_merged_export,2026-02-17T08:31:00Z,2026-02-17T08:47:00Z,2.4,2026-02-17T08:31:00Z,16,24,32
Herzogstraße_merged_export,2026-02-17T04:02:00Z,2026-02-17T07:08:00Z,5,2026-02-17T06:31:00Z,186,0.034,244
Herzogstraße_merged_export,2026-02-17T00:57:00Z,2026-02-17T00:58:00Z,2.7,2026-02-17T00:58:00Z,1,2.455,4
Herzogstraße_merged_export,2026-02-16T23:14:00Z,2026-02-17T00:28:00Z,2.8,2026-02-16T23:15:00Z,74,2.545,110
Herzogstraße_merged_export,2026-02-16T12:15:00Z,2026-02-16T13:06:00Z,3.2,2026-02-16T12:17:00Z,51,1.524,104
Herzogstraße_merged_export,2026-02-16T10:46:00Z,2026-02-16T11:36:00Z,3.3,2026-02-16T11:21:00Z,50,0.094,88
Herzogstraße_merged_export,2026-02-16T09:17:00Z,2026-02-16T09:36:00Z,3,2026-02-16T09:20:00Z,19,0.968,36
Herzogstraße_merged_export,2026-02-16T06:46:00Z,2026-02-16T07:09:00Z,2.8,2026-02-16T07:00:00Z,23,0.199,48
Herzogstraße_merged_export,2026-02-16T05:35:00Z,2026-02-16T06:20:00Z,2,2026-02-16T05:35:00Z,45,20,66
Herzogstraße_merged_export,2026-02-16T05:04:00Z,2026-02-16T05:12:00Z,2.5,2026-02-16T05:06:00Z,8,1.19,18
Herzogstraße_merged_export,2026-02-15T23:37:00Z,2026-02-15T23:53:00Z,1.8,2026-02-15T23:45:00Z,16,0.222,14
Herzogstraße_merged_export,2026-02-15T10:21:00Z,2026-02-15T10:21:00Z,5.1,2026-02-15T10:21:00Z,0,51,2
Herzogstraße_merged_export,2026-02-15T06:12:00Z,2026-02-15T06:12:00Z,4.2,2026-02-15T06:12:00Z,0,42,2
Herzogstraße_merged_export,2026-02-14T15:24:00Z,2026-02-14T15:24:00Z,4.4,2026-02-14T15:24:00Z,0,44,2
Herzogstraße_merged_export,2026-02-13T10:42:00Z,2026-02-13T10:46:00Z,1.6,2026-02-13T10:42:00Z,4,16,10
Herzogstraße_merged_export,2026-02-13T09:17:00Z,2026-02-13T09:17:00Z,6.1,2026-02-13T09:17:00Z,0,61,2
Herzogstraße_merged_export,2026-02-13T08:02:00Z,2026-02-13T08:02:00Z,5.7,2026-02-13T08:02:00Z,0,57,2
Herzogstraße_merged_export,2026-02-13T02:01:00Z,2026-02-13T02:01:00Z,5,2026-02-13T02:01:00Z,0,50,2
Herzogstraße_merged_export,2026-02-12T20:22:00Z,2026-02-13T01:00:00Z,4.4,2026-02-12T20:49:00Z,278,0.162,454
Herzogstraße_merged_export,2026-02-12T15:22:00Z,2026-02-12T18:30:00Z,5,2026-02-12T15:22:00Z,188,50,272
Herzogstraße_merged_export,2026-02-12T14:40:00Z,2026-02-12T14:46:00Z,3.6,2026-02-12T14:42:00Z,6,1.714,14
Herzogstraße_merged_export,2026-02-12T13:26:00Z,2026-02-12T13:51:00Z,3.4,2026-02-12T13:39:00Z,25,0.26,52
Herzogstraße_merged_export,2026-02-12T11:47:00Z,2026-02-12T11:47:00Z,4.4,2026-02-12T11:47:00Z,0,44,2
Herzogstraße_merged_export,2026-02-12T06:16:00Z,2026-02-12T09:00:00Z,4,2026-02-12T07:53:00Z,164,0.041,280
Herzogstraße_merged_export,2026-02-12T05:43:00Z,2026-02-12T05:44:00Z,6.1,2026-02-12T05:43:00Z,1,61,4
Herzogstraße_merged_export,2026-02-12T04:53:00Z,2026-02-12T04:58:00Z,4.3,2026-02-12T04:53:00Z,5,43,4
Herzogstraße_merged_export,2026-02-11T20:40:00Z,2026-02-12T04:00:00Z,3.1,2026-02-12T03:09:00Z,440,0.008,722
Herzogstraße_merged_export,2026-02-11T20:13:00Z,2026-02-11T20:13:00Z,1.7,2026-02-11T20:13:00Z,0,17,2
Herzogstraße_merged_export,2026-02-11T19:41:00Z,2026-02-11T19:41:00Z,1.9,2026-02-11T19:41:00Z,0,19,2
Herzogstraße_merged_export,2026-02-11T12:54:00Z,2026-02-11T15:59:00Z,4.1,2026-02-11T13:27:00Z,185,0.124,354
Herzogstraße_merged_export,2026-02-11T10:51:00Z,2026-02-11T10:52:00Z,3.2,2026-02-11T10:51:00Z,1,32,4
Herzogstraße_merged_export,2026-02-11T09:53:00Z,2026-02-11T10:05:00Z,3.5,2026-02-11T09:58:00Z,12,0.686,26
Wasserstraße_Springorum_merged_export,2026-02-10T17:56:00Z,2026-02-10T17:56:00Z,5,2026-02-10T17:56:00Z,0,50,2
Wasserstraße_Springorum_merged_export,2026-02-10T09:46:00Z,2026-02-10T09:46:00Z,5.4,2026-02-10T09:46:00Z,0,54,2
Wasserstraße_Springorum_merged_export,2026-02-09T18:52:00Z,2026-02-09T18:52:00Z,2.2,2026-02-09T18:52:00Z,0,22,2
Wasserstraße_Springorum_merged_export,2026-02-09T13:35:00Z,2026-02-09T13:35:00Z,3.1,2026-02-09T13:35:00Z,0,31,2
Wasserstraße_Springorum_merged_export,2026-02-09T06:12:00Z,2026-02-09T06:12:00Z,2.9,2026-02-09T06:12:00Z,0,29,2
Wasserstraße_Springorum_merged_export,2026-02-07T20:07:00Z,2026-02-07T20:07:00Z,4.2,2026-02-07T20:07:00Z,0,42,2
Herzogstraße_merged_export,2026-02-07T14:04:00Z,2026-02-07T16:31:00Z,5.1,2026-02-07T14:04:00Z,147,51,296
Herzogstraße_merged_export,2026-02-06T17:56:00Z,2026-02-07T00:46:00Z,20.5,2026-02-06T21:52:00Z,410,0.087,822
An_der_Kost_merged_export,2026-02-06T15:55:00Z,2026-02-06T15:55:00Z,15.8,2026-02-06T15:55:00Z,0,158,2
Herzogstraße_merged_export,2026-02-06T10:52:00Z,2026-02-06T14:52:00Z,7.6,2026-02-06T11:18:00Z,240,0.291,426
Herzogstraße_merged_export,2026-02-06T08:12:00Z,2026-02-06T08:58:00Z,15,2026-02-06T08:12:00Z,46,150,94
Herzogstraße_merged_export,2026-02-06T05:18:00Z,2026-02-06T06:32:00Z,16.2,2026-02-06T05:18:00Z,74,162,150
Herzogstraße_merged_export,2026-02-05T19:50:00Z,2026-02-05T21:10:00Z,3,2026-02-05T19:50:00Z,80,30,162
Wasserstraße_Springorum_merged_export,2026-02-05T19:22:00Z,2026-02-05T19:22:00Z,2.2,2026-02-05T19:22:00Z,0,22,2
Herzogstraße_merged_export,2026-02-05T14:59:00Z,2026-02-05T15:59:00Z,3.8,2026-02-05T14:59:00Z,60,38,122
An_der_Kost_merged_export,2026-02-05T08:57:00Z,2026-02-05T08:57:00Z,17.8,2026-02-05T08:57:00Z,0,178,2
Herzogstraße_merged_export,2026-02-05T08:12:00Z,2026-02-05T08:56:00Z,2.1,2026-02-05T08:12:00Z,44,21,90
Wasserstraße_Springorum_merged_export,2026-02-05T07:15:00Z,2026-02-05T07:15:00Z,1.9,2026-02-05T07:15:00Z,0,19,2
Herzogstraße_merged_export,2026-02-05T05:33:00Z,2026-02-05T06:40:00Z,2.8,2026-02-05T05:33:00Z,67,28,136
Herzogstraße_merged_export,2026-02-04T17:55:00Z,2026-02-05T04:44:00Z,6.2,2026-02-04T19:19:00Z,649,0.074,1300
Herzogstraße_merged_export,2026-02-04T15:04:00Z,2026-02-04T16:58:00Z,23,2026-02-04T15:04:00Z,114,230,230
Herzogstraße_merged_export,2026-02-04T14:17:00Z,2026-02-04T14:24:00Z,8.9,2026-02-04T14:17:00Z,7,89,16
Herzogstraße_merged_export,2026-02-04T11:56:00Z,2026-02-04T12:35:00Z,29.9,2026-02-04T11:56:00Z,39,299,80
Herzogstraße_merged_export,2026-02-04T08:06:00Z,2026-02-04T09:47:00Z,28.9,2026-02-04T08:06:00Z,101,289,204
Herzogstraße_merged_export,2026-02-03T11:14:00Z,2026-02-03T12:13:00Z,21.3,2026-02-03T11:14:00Z,59,213,120
An_der_Kost_merged_export,2026-02-03T10:04:00Z,2026-02-03T10:04:00Z,4,2026-02-03T10:04:00Z,0,40,2
Herzogstraße_merged_export,2026-02-03T08:04:00Z,2026-02-03T08:44:00Z,13.1,2026-02-03T08:04:00Z,40,131,82
Wasserstraße_Springorum_merged_export,2026-02-03T05:52:00Z,2026-02-03T05:52:00Z,1.6,2026-02-03T05:52:00Z,0,16,2
An_der_Kost_merged_export,2026-02-03T05:00:00Z,2026-02-03T05:00:00Z,18.2,2026-02-03T05:00:00Z,0,182,2
Herzogstraße_merged_export,2026-02-02T20:54:00Z,2026-02-03T04:05:00Z,18.2,2026-02-02T20:54:00Z,431,182,864
Wasserstraße_Springorum_merged_export,2026-02-02T17:59:00Z,2026-02-02T17:59:00Z,4.2,2026-02-02T17:59:00Z,0,42,2
Herzogstraße_merged_export,2026-02-02T17:22:00Z,2026-02-02T18:31:00Z,18.6,2026-02-02T17:22:00Z,69,186,138
Herzogstraße_merged_export,2026-02-02T16:31:00Z,2026-02-02T16:35:00Z,7.7,2026-02-02T16:31:00Z,4,77,10
Herzogstraße_merged_export,2026-02-02T14:50:00Z,2026-02-02T15:48:00Z,16.3,2026-02-02T14:50:00Z,58,163,118
Herzogstraße_merged_export,2026-02-02T12:08:00Z,2026-02-02T14:20:00Z,19.9,2026-02-02T13:39:00Z,132,0.218,244
Wasserstraße_Springorum_merged_export,2026-02-02T12:07:00Z,2026-02-02T12:07:00Z,1.6,2026-02-02T12:07:00Z,0,16,2
Herzogstraße_merged_export,2026-02-02T10:12:00Z,2026-02-02T10:36:00Z,1.8,2026-02-02T10:12:00Z,24,18,50
Herzogstraße_merged_export,2026-02-02T04:20:00Z,2026-02-02T04:39:00Z,13.1,2026-02-02T04:20:00Z,19,131,40
Herzogstraße_merged_export,2026-02-01T16:58:00Z,2026-02-01T22:46:00Z,11.7,2026-02-01T17:07:00Z,348,1.286,694
An_der_Kost_merged_export,2026-02-01T16:23:00Z,2026-02-01T16:23:00Z,13.5,2026-02-01T16:23:00Z,0,135,2
An_der_Kost_merged_export,2026-02-01T14:55:00Z,2026-02-01T14:58:00Z,14.9,2026-02-01T14:55:00Z,3,149,4
Herzogstraße_merged_export,2026-02-01T11:48:00Z,2026-02-01T12:27:00Z,10.1,2026-02-01T11:48:00Z,39,101,80
Herzogstraße_merged_export,2026-02-01T08:48:00Z,2026-02-01T09:07:00Z,8,2026-02-01T08:48:00Z,19,80,40
Herzogstraße_merged_export,2026-01-31T18:01:00Z,2026-01-31T18:30:00Z,6.8,2026-01-31T18:01:00Z,29,68,60
Herzogstraße_merged_export,2026-01-31T10:46:00Z,2026-01-31T16:59:00Z,18.6,2026-01-31T10:52:00Z,373,3.049,748
Herzogstraße_merged_export,2026-01-30T14:52:00Z,2026-01-30T20:42:00Z,18.1,2026-01-30T16:55:00Z,350,0.147,702
An_der_Kost_merged_export,2026-01-30T14:38:00Z,2026-01-30T14:38:00Z,12,2026-01-30T14:38:00Z,0,120,2
Herzogstraße_merged_export,2026-01-30T13:26:00Z,2026-01-30T13:45:00Z,7.2,2026-01-30T13:26:00Z,19,72,40
Herzogstraße_merged_export,2026-01-30T10:57:00Z,2026-01-30T12:53:00Z,21.1,2026-01-30T12:42:00Z,116,0.201,222
An_der_Kost_merged_export,2026-01-30T10:29:00Z,2026-01-30T10:29:00Z,6.3,2026-01-30T10:29:00Z,0,63,2
Herzogstraße_merged_export,2026-01-30T08:09:00Z,2026-01-30T09:48:00Z,17,2026-01-30T08:09:00Z,99,170,200
Herzogstraße_merged_export,2026-01-29T16:37:00Z,2026-01-29T16:37:00Z,5.1,2026-01-29T16:37:00Z,0,51,2
Herzogstraße_merged_export,2026-01-29T14:51:00Z,2026-01-29T15:00:00Z,20.5,2026-01-29T14:51:00Z,9,205,20
Herzogstraße_merged_export,2026-01-29T12:13:00Z,2026-01-29T12:56:00Z,5.4,2026-01-29T12:13:00Z,43,54,88
Herzogstraße_merged_export,2026-01-29T08:04:00Z,2026-01-29T08:09:00Z,24.7,2026-01-29T08:04:00Z,5,247,12
Herzogstraße_merged_export,2026-01-28T22:37:00Z,2026-01-28T23:23:00Z,7.5,2026-01-28T22:37:00Z,46,75,94
Herzogstraße_merged_export,2026-01-28T17:51:00Z,2026-01-28T18:13:00Z,15.6,2026-01-28T17:51:00Z,22,156,46
Herzogstraße_merged_export,2026-01-28T15:28:00Z,2026-01-28T15:52:00Z,3.4,2026-01-28T15:28:00Z,24,34,50
Herzogstraße_merged_export,2026-01-28T14:23:00Z,2026-01-28T14:30:00Z,2.1,2026-01-28T14:23:00Z,7,21,16
Herzogstraße_merged_export,2026-01-28T11:43:00Z,2026-01-28T12:19:00Z,29.4,2026-01-28T11:43:00Z,36,294,74
Herzogstraße_merged_export,2026-01-28T09:25:00Z,2026-01-28T09:52:00Z,3,2026-01-28T09:25:00Z,27,30,56
Herzogstraße_merged_export,2026-01-28T07:14:00Z,2026-01-28T08:06:00Z,13.2,2026-01-28T07:14:00Z,52,132,106
Herzogstraße_merged_export,2026-01-27T22:23:00Z,2026-01-27T22:24:00Z,14.5,2026-01-27T22:23:00Z,1,145,4
Herzogstraße_merged_export,2026-01-27T09:11:00Z,2026-01-27T12:42:00Z,17,2026-01-27T09:11:00Z,211,170,424
Herzogstraße_merged_export,2026-01-27T05:57:00Z,2026-01-27T06:26:00Z,29.7,2026-01-27T06:08:00Z,29,2.676,60
Herzogstraße_merged_export,2026-01-26T16:53:00Z,2026-01-26T17:33:00Z,4.2,2026-01-26T16:53:00Z,40,42,82
Herzogstraße_merged_export,2026-01-26T13:14:00Z,2026-01-26T13:35:00Z,17.5,2026-01-26T13:14:00Z,21,175,44
Herzogstraße_merged_export,2026-01-26T07:45:00Z,2026-01-26T10:47:00Z,13.1,2026-01-26T08:11:00Z,182,0.502,366
Herzogstraße_merged_export,2026-01-25T13:55:00Z,2026-01-25T17:26:00Z,11.9,2026-01-25T13:55:00Z,211,119,424
Herzogstraße_merged_export,2026-01-25T09:06:00Z,2026-01-25T10:06:00Z,6.2,2026-01-25T09:06:00Z,60,62,122
An_der_Kost_merged_export,2026-01-25T06:19:00Z,2026-01-25T06:19:00Z,11.6,2026-01-25T06:19:00Z,0,116,2
Herzogstraße_merged_export,2026-01-24T18:04:00Z,2026-01-24T20:34:00Z,11.3,2026-01-24T18:04:00Z,150,113,302
Herzogstraße_merged_export,2026-01-24T13:35:00Z,2026-01-24T15:49:00Z,13.9,2026-01-24T14:05:00Z,134,0.462,234
Herzogstraße_merged_export,2026-01-24T05:46:00Z,2026-01-24T08:01:00Z,6.1,2026-01-24T05:46:00Z,135,61,272
Herzogstraße_merged_export,2026-01-23T17:40:00Z,2026-01-23T19:16:00Z,12.2,2026-01-23T17:40:00Z,96,122,194
Herzogstraße_merged_export,2026-01-23T13:31:00Z,2026-01-23T13:45:00Z,4.2,2026-01-23T13:31:00Z,14,42,30
Herzogstraße_merged_export,2026-01-23T11:06:00Z,2026-01-23T11:39:00Z,12.1,2026-01-23T11:06:00Z,33,121,68
Herzogstraße_merged_export,2026-01-23T08:45:00Z,2026-01-23T09:06:00Z,9.7,2026-01-23T08:45:00Z,21,97,44
An_der_Kost_merged_export,2026-01-23T07:37:00Z,2026-01-23T07:37:00Z,16.4,2026-01-23T07:37:00Z,0,164,2
An_der_Kost_merged_export,2026-01-23T06:08:00Z,2026-01-23T06:08:00Z,16.2,2026-01-23T06:08:00Z,0,162,2
Herzogstraße_merged_export,2026-01-23T06:03:00Z,2026-01-23T06:44:00Z,8.9,2026-01-23T06:03:00Z,41,89,84
Herzogstraße_merged_export,2026-01-22T19:46:00Z,2026-01-22T21:04:00Z,9.4,2026-01-22T19:46:00Z,78,94,158
Herzogstraße_merged_export,2026-01-22T17:11:00Z,2026-01-22T18:58:00Z,25.7,2026-01-22T17:11:00Z,107,257,216
Herzogstraße_merged_export,2026-01-22T14:27:00Z,2026-01-22T15:16:00Z,16.9,2026-01-22T14:27:00Z,49,169,100
Herzogstraße_merged_export,2026-01-22T13:49:00Z,2026-01-22T14:03:00Z,12.7,2026-01-22T13:49:00Z,14,127,30
An_der_Kost_merged_export,2026-01-22T12:45:00Z,2026-01-22T12:45:00Z,15.4,2026-01-22T12:45:00Z,0,154,2
Herzogstraße_merged_export,2026-01-22T11:57:00Z,2026-01-22T12:25:00Z,9.5,2026-01-22T11:57:00Z,28,95,36
Herzogstraße_merged_export,2026-01-22T10:26:00Z,2026-01-22T11:35:00Z,8,2026-01-22T10:26:00Z,69,80,140
Königsallee_Springorum_merged_export,2026-01-22T07:23:00Z,2026-01-22T07:23:00Z,2.3,2026-01-22T07:23:00Z,0,23,2
An_der_Kost_merged_export,2026-01-22T03:26:00Z,2026-01-22T03:26:00Z,1.9,2026-01-22T03:26:00Z,0,19,2
Herzogstraße_merged_export,2026-01-21T19:36:00Z,2026-01-21T23:59:00Z,4.6,2026-01-21T19:36:00Z,263,46,528
Wasserstraße_Springorum_merged_export,2026-01-21T19:13:00Z,2026-01-21T19:13:00Z,5.1,2026-01-21T19:13:00Z,0,51,2
Wasserstraße_Springorum_merged_export,2026-01-21T15:00:00Z,2026-01-21T15:00:00Z,4.4,2026-01-21T15:00:00Z,0,44,2
Herzogstraße_merged_export,2026-01-21T13:12:00Z,2026-01-21T15:34:00Z,18,2026-01-21T13:12:00Z,142,180,238
An_der_Kost_merged_export,2026-01-21T11:50:00Z,2026-01-21T11:50:00Z,15.3,2026-01-21T11:50:00Z,0,153,2
Herzogstraße_merged_export,2026-01-21T10:25:00Z,2026-01-21T10:33:00Z,16.8,2026-01-21T10:25:00Z,8,168,18
Wasserstraße_Springorum_merged_export,2026-01-21T08:24:00Z,2026-01-21T08:33:00Z,5.2,2026-01-21T08:33:00Z,9,0.571,4
Herzogstraße_merged_export,2026-01-21T05:57:00Z,2026-01-21T06:23:00Z,16.8,2026-01-21T05:57:00Z,26,168,54
Wasserstraße_Springorum_merged_export,2026-01-21T04:47:00Z,2026-01-21T04:47:00Z,5.5,2026-01-21T04:47:00Z,0,55,2
Wasserstraße_Springorum_merged_export,2026-01-20T22:14:00Z,2026-01-20T22:14:00Z,5,2026-01-20T22:14:00Z,0,50,2
Wasserstraße_Springorum_merged_export,2026-01-20T18:50:00Z,2026-01-20T18:50:00Z,4.6,2026-01-20T18:50:00Z,0,46,2
Herzogstraße_merged_export,2026-01-20T18:43:00Z,2026-01-21T05:03:00Z,10.1,2026-01-20T18:43:00Z,620,101,1242
Wasserstraße_Springorum_merged_export,2026-01-20T17:45:00Z,2026-01-20T17:45:00Z,5.4,2026-01-20T17:45:00Z,0,54,2
Wasserstraße_Springorum_merged_export,2026-01-20T15:59:00Z,2026-01-20T15:59:00Z,4.9,2026-01-20T15:59:00Z,0,49,2
Herzogstraße_merged_export,2026-01-20T14:45:00Z,2026-01-20T14:56:00Z,12.5,2026-01-20T14:45:00Z,11,125,24
Wasserstraße_Springorum_merged_export,2026-01-20T12:36:00Z,2026-01-20T12:36:00Z,1.7,2026-01-20T12:36:00Z,0,17,2
Herzogstraße_merged_export,2026-01-20T12:19:00Z,2026-01-20T13:32:00Z,2.9,2026-01-20T12:19:00Z,73,29,148
Herzogstraße_merged_export,2026-01-20T11:16:00Z,2026-01-20T11:22:00Z,21,2026-01-20T11:16:00Z,6,210,14
Wasserstraße_Springorum_merged_export,2026-01-20T11:12:00Z,2026-01-20T11:12:00Z,5.2,2026-01-20T11:12:00Z,0,52,2
Herzogstraße_merged_export,2026-01-20T10:40:00Z,2026-01-20T10:50:00Z,8.9,2026-01-20T10:40:00Z,10,89,22
Wasserstraße_Springorum_merged_export,2026-01-20T08:16:00Z,2026-01-20T08:16:00Z,5.9,2026-01-20T08:16:00Z,0,59,2
Herzogstraße_merged_export,2026-01-20T07:14:00Z,2026-01-20T08:13:00Z,20.2,2026-01-20T07:14:00Z,59,202,120
Wasserstraße_Springorum_merged_export,2026-01-20T07:03:00Z,2026-01-20T07:03:00Z,4.7,2026-01-20T07:03:00Z,0,47,2
Herzogstraße_merged_export,2026-01-20T06:13:00Z,2026-01-20T06:33:00Z,12.4,2026-01-20T06:13:00Z,20,124,42
Herzogstraße_merged_export,2026-01-19T15:43:00Z,2026-01-19T20:05:00Z,20.9,2026-01-19T16:25:00Z,262,0.496,526
Herzogstraße_merged_export,2026-01-19T10:15:00Z,2026-01-19T11:39:00Z,22.3,2026-01-19T10:31:00Z,84,1.385,85
Wasserstraße_Springorum_merged_export,2026-01-19T09:06:00Z,2026-01-19T09:06:00Z,3.1,2026-01-19T09:06:00Z,0,31,1
Herzogstraße_merged_export,2026-01-19T08:10:00Z,2026-01-19T09:03:00Z,7.4,2026-01-19T08:10:00Z,53,74,54
Herzogstraße_merged_export,2026-01-19T06:50:00Z,2026-01-19T06:58:00Z,14,2026-01-19T06:50:00Z,8,140,9
Wasserstraße_Springorum_merged_export,2026-01-18T13:01:00Z,2026-01-18T13:01:00Z,4.6,2026-01-18T13:01:00Z,0,46,1
Herzogstraße_merged_export,2026-01-18T03:43:00Z,2026-01-18T11:49:00Z,20.6,2026-01-18T03:43:00Z,486,206,487
Herzogstraße_merged_export,2026-01-17T16:09:00Z,2026-01-17T16:30:00Z,11.8,2026-01-17T16:09:00Z,21,118,22
Herzogstraße_merged_export,2026-01-17T14:10:00Z,2026-01-17T15:40:00Z,13.7,2026-01-17T14:10:00Z,90,137,91
Herzogstraße_merged_export,2026-01-17T13:30:00Z,2026-01-17T13:43:00Z,15.1,2026-01-17T13:30:00Z,13,151,14
Herzogstraße_merged_export,2026-01-17T11:10:00Z,2026-01-17T12:28:00Z,21,2026-01-17T11:26:00Z,78,1.304,79
Herzogstraße_merged_export,2026-01-17T10:07:00Z,2026-01-17T10:29:00Z,6.7,2026-01-17T10:07:00Z,22,67,23
Herzogstraße_merged_export,2026-01-17T08:24:00Z,2026-01-17T09:14:00Z,4.1,2026-01-17T08:24:00Z,50,41,51
Herzogstraße_merged_export,2026-01-17T03:41:00Z,2026-01-17T05:12:00Z,17.7,2026-01-17T03:41:00Z,91,177,92
Herzogstraße_merged_export,2026-01-16T20:07:00Z,2026-01-17T00:00:00Z,12,2026-01-16T20:07:00Z,233,120,234
Herzogstraße_merged_export,2026-01-16T17:31:00Z,2026-01-16T18:13:00Z,23.7,2026-01-16T18:02:00Z,42,0.762,43
Herzogstraße_merged_export,2026-01-16T15:45:00Z,2026-01-16T16:52:00Z,25.2,2026-01-16T15:45:00Z,67,252,68
Herzogstraße_merged_export,2026-01-16T13:18:00Z,2026-01-16T15:01:00Z,19.1,2026-01-16T14:10:00Z,103,0.367,104
Wasserstraße_Springorum_merged_export,2026-01-16T12:03:00Z,2026-01-16T12:03:00Z,1.6,2026-01-16T12:03:00Z,0,16,1
Herzogstraße_merged_export,2026-01-16T10:20:00Z,2026-01-16T10:34:00Z,15.5,2026-01-16T10:20:00Z,14,155,15
Herzogstraße_merged_export,2026-01-16T05:50:00Z,2026-01-16T06:32:00Z,14.6,2026-01-16T05:50:00Z,42,146,26
Herzogstraße_merged_export,2026-01-16T04:21:00Z,2026-01-16T05:14:00Z,18.8,2026-01-16T04:21:00Z,53,188,54
Herzogstraße_merged_export,2026-01-15T14:47:00Z,2026-01-16T03:47:00Z,22.1,2026-01-15T17:31:00Z,780,0.135,781
Herzogstraße_merged_export,2026-01-15T12:31:00Z,2026-01-15T13:26:00Z,23.3,2026-01-15T12:31:00Z,55,233,56
Herzogstraße_merged_export,2026-01-15T11:53:00Z,2026-01-15T12:09:00Z,19.3,2026-01-15T12:05:00Z,16,1.595,8
Herzogstraße_merged_export,2026-01-15T06:25:00Z,2026-01-15T06:46:00Z,9.8,2026-01-15T06:25:00Z,21,98,22
Herzogstraße_merged_export,2026-01-15T00:00:00Z,2026-01-15T04:29:00Z,19.7,2026-01-15T00:00:00Z,269,197,270
Herzogstraße_merged_export,2026-01-14T12:50:00Z,2026-01-14T13:45:00Z,3.8,2026-01-14T13:38:00Z,55,0.079,46
Herzogstraße_merged_export,2026-01-14T10:47:00Z,2026-01-14T11:42:00Z,2.1,2026-01-14T10:47:00Z,55,21,37
Herzogstraße_merged_export,2026-01-14T04:00:00Z,2026-01-14T07:20:00Z,2.7,2026-01-14T05:36:00Z,200,0.028,96
Herzogstraße_merged_export,2026-01-14T02:40:00Z,2026-01-14T03:36:00Z,3.8,2026-01-14T02:50:00Z,56,0.376,57
Herzogstraße_merged_export,2026-01-13T14:06:00Z,2026-01-13T14:07:00Z,2.9,2026-01-13T14:06:00Z,1,29,2
Herzogstraße_merged_export,2026-01-13T09:56:00Z,2026-01-13T12:37:00Z,4,2026-01-13T10:20:00Z,161,0.166,131
Herzogstraße_merged_export,2026-01-13T07:44:00Z,2026-01-13T09:23:00Z,4.1,2026-01-13T08:24:00Z,99,0.102,92
Herzogstraße_merged_export,2026-01-13T06:22:00Z,2026-01-13T06:35:00Z,3.3,2026-01-13T06:22:00Z,13,33,14
An_der_Kost_merged_export,2026-01-13T05:07:00Z,2026-01-13T05:07:00Z,3.9,2026-01-13T05:07:00Z,0,39,1
Herzogstraße_merged_export,2026-01-12T20:49:00Z,2026-01-12T21:03:00Z,2.3,2026-01-12T20:54:00Z,14,0.451,13
Herzogstraße_merged_export,2026-01-12T15:52:00Z,2026-01-12T19:04:00Z,3.2,2026-01-12T18:51:00Z,192,0.018,162
Herzogstraße_merged_export,2026-01-12T13:47:00Z,2026-01-12T14:01:00Z,3.9,2026-01-12T13:50:00Z,14,1.258,15
Herzogstraße_merged_export,2026-01-12T08:30:00Z,2026-01-12T08:30:00Z,2.3,2026-01-12T08:30:00Z,0,23,1
Herzogstraße_merged_export,2026-01-12T07:10:00Z,2026-01-12T07:11:00Z,2.1,2026-01-12T07:10:00Z,1,21,2
Königsallee_Springorum_merged_export,2026-01-12T02:57:00Z,2026-01-12T02:58:00Z,2.3,2026-01-12T02:58:00Z,1,2.091,2
Herzogstraße_merged_export,2026-01-11T20:07:00Z,2026-01-12T04:29:00Z,3.8,2026-01-12T03:20:00Z,502,0.009,472
Herzogstraße_merged_export,2026-01-11T16:47:00Z,2026-01-11T18:34:00Z,2.8,2026-01-11T16:47:00Z,107,28,108
Herzogstraße_merged_export,2026-01-11T13:16:00Z,2026-01-11T13:18:00Z,2.2,2026-01-11T13:17:00Z,2,2,3
Herzogstraße_merged_export,2026-01-11T10:18:00Z,2026-01-11T12:36:00Z,3.2,2026-01-11T12:35:00Z,138,0.023,136
Herzogstraße_merged_export,2026-01-11T07:56:00Z,2026-01-11T09:04:00Z,3.2,2026-01-11T09:00:00Z,68,0.05,61
Herzogstraße_merged_export,2026-01-10T05:23:00Z,2026-01-11T07:21:00Z,3.9,2026-01-10T12:13:00Z,1558,0.01,1427
Herzogstraße_merged_export,2026-01-09T23:23:00Z,2026-01-09T23:23:00Z,4.6,2026-01-09T23:23:00Z,0,46,1
Herzogstraße_merged_export,2026-01-09T16:53:00Z,2026-01-09T16:54:00Z,1.8,2026-01-09T16:53:00Z,1,18,2
Herzogstraße_merged_export,2026-01-09T14:47:00Z,2026-01-09T16:27:00Z,3.7,2026-01-09T15:57:00Z,100,0.053,42
Herzogstraße_merged_export,2026-01-09T13:36:00Z,2026-01-09T14:13:00Z,2,2026-01-09T13:55:00Z,37,0.105,5
Herzogstraße_merged_export,2026-01-09T13:15:00Z,2026-01-09T13:15:00Z,1.7,2026-01-09T13:15:00Z,0,17,1
Herzogstraße_merged_export,2026-01-09T12:47:00Z,2026-01-09T12:52:00Z,2,2026-01-09T12:47:00Z,5,20,2
Herzogstraße_merged_export,2026-01-09T12:17:00Z,2026-01-09T12:17:00Z,2,2026-01-09T12:17:00Z,0,20,1
Herzogstraße_merged_export,2026-01-09T04:58:00Z,2026-01-09T11:45:00Z,4.4,2026-01-09T05:38:00Z,407,0.11,351
Herzogstraße_merged_export,2026-01-09T03:44:00Z,2026-01-09T04:01:00Z,2.5,2026-01-09T03:45:00Z,17,2.273,18
Herzogstraße_merged_export,2026-01-09T01:22:00Z,2026-01-09T02:09:00Z,2.6,2026-01-09T01:50:00Z,47,0.093,34
Herzogstraße_merged_export,2026-01-08T23:01:00Z,2026-01-09T00:30:00Z,2.3,2026-01-09T00:09:00Z,89,0.034,47
Königsallee_Springorum_merged_export,2026-01-07T14:32:00Z,2026-01-07T14:32:00Z,1.8,2026-01-07T14:32:00Z,0,18,1
Herzogstraße_merged_export,2026-01-05T19:45:00Z,2026-01-05T20:02:00Z,1.8,2026-01-05T19:45:00Z,17,18,18
Herzogstraße_merged_export,2026-01-05T17:13:00Z,2026-01-05T19:04:00Z,3.8,2026-01-05T17:39:00Z,111,0.146,112
Herzogstraße_merged_export,2026-01-04T10:46:00Z,2026-01-04T10:46:00Z,1.9,2026-01-04T10:46:00Z,0,19,1
Herzogstraße_merged_export,2026-01-04T06:23:00Z,2026-01-04T06:23:00Z,2,2026-01-04T06:23:00Z,0,20,1
Herzogstraße_merged_export,2026-01-04T02:10:00Z,2026-01-04T02:13:00Z,2.3,2026-01-04T02:10:00Z,3,23,4
Herzogstraße_merged_export,2026-01-04T01:20:00Z,2026-01-04T01:27:00Z,2.3,2026-01-04T01:20:00Z,7,23,7
Königsallee_Springorum_merged_export,2026-01-03T21:53:00Z,2026-01-03T21:57:00Z,3.2,2026-01-03T21:55:00Z,4,1.524,5
Herzogstraße_merged_export,2026-01-03T21:34:00Z,2026-01-03T21:35:00Z,2.7,2026-01-03T21:34:00Z,1,27,2
Herzogstraße_merged_export,2026-01-03T16:31:00Z,2026-01-03T16:31:00Z,1.6,2026-01-03T16:31:00Z,0,16,1
Herzogstraße_merged_export,2026-01-03T13:47:00Z,2026-01-03T13:47:00Z,2.2,2026-01-03T13:47:00Z,0,22,1
Herzogstraße_merged_export,2026-01-02T14:53:00Z,2026-01-02T14:54:00Z,4.1,2026-01-02T14:53:00Z,1,41,2
Herzogstraße_merged_export,2026-01-02T07:35:00Z,2026-01-02T07:36:00Z,1.9,2026-01-02T07:35:00Z,1,19,2
Herzogstraße_merged_export,2026-01-02T05:27:00Z,2026-01-02T06:41:00Z,2.8,2026-01-02T05:27:00Z,74,28,63
Herzogstraße_merged_export,2025-12-31T23:00:00Z,2026-01-01T00:34:00Z,3.3,2025-12-31T23:00:00Z,94,33,95
Herzogstraße_merged_export,2025-12-31T20:01:00Z,2025-12-31T20:01:00Z,1.8,2025-12-31T20:01:00Z,0,18,1
Herzogstraße_merged_export,2025-12-31T17:45:00Z,2025-12-31T18:01:00Z,1.7,2025-12-31T17:45:00Z,16,17,4
Herzogstraße_merged_export,2025-12-31T17:10:00Z,2025-12-31T17:14:00Z,1.9,2025-12-31T17:10:00Z,4,19,5
Herzogstraße_merged_export,2025-12-30T03:14:00Z,2025-12-30T03:14:00Z,1.8,2025-12-30T03:14:00Z,0,18,1
Herzogstraße_merged_export,2025-12-30T02:35:00Z,2025-12-30T02:45:00Z,2,2025-12-30T02:35:00Z,10,20,2
Herzogstraße_merged_export,2025-12-29T22:30:00Z,2025-12-29T22:34:00Z,1.9,2025-12-29T22:32:00Z,4,0.905,4
Herzogstraße_merged_export,2025-12-29T21:17:00Z,2025-12-29T22:04:00Z,2.1,2025-12-29T21:31:00Z,47,0.149,16
Herzogstraße_merged_export,2025-12-29T20:11:00Z,2025-12-29T20:25:00Z,1.9,2025-12-29T20:11:00Z,14,19,6
Herzogstraße_merged_export,2025-12-29T19:47:00Z,2025-12-29T19:47:00Z,1.6,2025-12-29T19:47:00Z,0,16,1
Herzogstraße_merged_export,2025-12-29T16:29:00Z,2025-12-29T17:49:00Z,2.8,2025-12-29T17:25:00Z,80,0.05,34
Herzogstraße_merged_export,2025-12-29T15:41:00Z,2025-12-29T15:58:00Z,3,2025-12-29T15:48:00Z,17,0.423,18
Herzogstraße_merged_export,2025-12-29T14:28:00Z,2025-12-29T14:54:00Z,2.1,2025-12-29T14:38:00Z,26,0.208,21
Herzogstraße_merged_export,2025-12-28T19:29:00Z,2025-12-28T23:59:00Z,8.7,2025-12-28T19:29:00Z,270,87,271
Herzogstraße_merged_export,2025-12-28T11:26:00Z,2025-12-28T17:37:00Z,27.5,2025-12-28T11:26:00Z,371,275,372
Wasserstraße_Springorum_merged_export,2025-12-27T16:03:00Z,2025-12-27T16:03:00Z,5,2025-12-27T16:03:00Z,0,50,1
Herzogstraße_merged_export,2025-12-27T14:08:00Z,2025-12-27T18:03:00Z,17.6,2025-12-27T14:45:00Z,235,0.474,236
Herzogstraße_merged_export,2025-12-27T09:39:00Z,2025-12-27T12:28:00Z,7.6,2025-12-27T09:39:00Z,169,76,170
Herzogstraße_merged_export,2025-12-26T14:35:00Z,2025-12-26T17:15:00Z,29.6,2025-12-26T14:35:00Z,160,296,161
Wasserstraße_Springorum_merged_export,2025-12-25T20:43:00Z,2025-12-25T20:43:00Z,4.7,2025-12-25T20:43:00Z,0,47,1
Herzogstraße_merged_export,2025-12-25T15:36:00Z,2025-12-26T11:51:00Z,28.5,2025-12-25T15:45:00Z,1215,3.132,1216
Herzogstraße_merged_export,2025-12-25T13:37:00Z,2025-12-25T13:59:00Z,11.8,2025-12-25T13:37:00Z,22,118,23
Herzogstraße_merged_export,2025-12-24T22:32:00Z,2025-12-24T23:51:00Z,16.6,2025-12-24T22:32:00Z,79,166,80
Herzogstraße_merged_export,2025-12-24T14:21:00Z,2025-12-24T18:20:00Z,17.1,2025-12-24T14:21:00Z,239,171,240
Herzogstraße_merged_export,2025-12-24T06:27:00Z,2025-12-24T06:31:00Z,13.8,2025-12-24T06:27:00Z,4,138,5
Herzogstraße_merged_export,2025-12-23T14:21:00Z,2025-12-23T14:33:00Z,9.3,2025-12-23T14:21:00Z,12,93,13
Herzogstraße_merged_export,2025-12-23T10:02:00Z,2025-12-23T11:44:00Z,22.8,2025-12-23T10:02:00Z,102,228,103
Herzogstraße_merged_export,2025-12-23T08:03:00Z,2025-12-23T08:29:00Z,17.9,2025-12-23T08:03:00Z,26,179,27
Herzogstraße_merged_export,2025-12-23T07:02:00Z,2025-12-23T07:39:00Z,7.4,2025-12-23T07:02:00Z,37,74,38
Herzogstraße_merged_export,2025-12-22T19:38:00Z,2025-12-22T20:23:00Z,17.3,2025-12-22T19:38:00Z,45,173,46
Herzogstraße_merged_export,2025-12-22T16:25:00Z,2025-12-22T18:23:00Z,14.1,2025-12-22T16:25:00Z,118,141,119
Herzogstraße_merged_export,2025-12-22T14:46:00Z,2025-12-22T15:02:00Z,10.3,2025-12-22T14:46:00Z,16,103,17
Herzogstraße_merged_export,2025-12-22T12:59:00Z,2025-12-22T14:22:00Z,14.4,2025-12-22T13:32:00Z,83,0.435,77
Herzogstraße_merged_export,2025-12-22T11:00:00Z,2025-12-22T12:14:00Z,12.4,2025-12-22T11:00:00Z,74,124,75
Herzogstraße_merged_export,2025-12-22T09:15:00Z,2025-12-22T10:07:00Z,12.7,2025-12-22T09:15:00Z,52,127,53
Herzogstraße_merged_export,2025-12-22T07:48:00Z,2025-12-22T08:20:00Z,16.4,2025-12-22T07:48:00Z,32,164,33
Herzogstraße_merged_export,2025-12-22T06:38:00Z,2025-12-22T07:20:00Z,4.4,2025-12-22T06:38:00Z,42,44,43
Herzogstraße_merged_export,2025-12-22T00:00:00Z,2025-12-22T02:22:00Z,2.7,2025-12-22T00:00:00Z,142,27,143
Herzogstraße_merged_export,2025-12-21T05:12:00Z,2025-12-21T07:53:00Z,14.2,2025-12-21T05:12:00Z,161,142,162
Herzogstraße_merged_export,2025-12-20T11:34:00Z,2025-12-20T14:23:00Z,1.8,2025-12-20T11:34:00Z,169,18,170
Herzogstraße_merged_export,2025-12-19T16:26:00Z,2025-12-19T16:52:00Z,5.6,2025-12-19T16:26:00Z,26,56,27
Herzogstraße_merged_export,2025-12-19T14:32:00Z,2025-12-19T14:56:00Z,4.3,2025-12-19T14:32:00Z,24,43,25
Wasserstraße_Springorum_merged_export,2025-12-18T16:26:00Z,2025-12-18T16:26:00Z,2.9,2025-12-18T16:26:00Z,0,29,1
Herzogstraße_merged_export,2025-12-18T15:55:00Z,2025-12-18T17:14:00Z,8,2025-12-18T15:55:00Z,79,80,80
Herzogstraße_merged_export,2025-12-18T12:38:00Z,2025-12-18T12:42:00Z,16.3,2025-12-18T12:38:00Z,4,163,5
Herzogstraße_merged_export,2025-12-18T10:04:00Z,2025-12-18T11:09:00Z,20.7,2025-12-18T10:04:00Z,65,207,66
Herzogstraße_merged_export,2025-12-17T15:06:00Z,2025-12-17T15:11:00Z,25.4,2025-12-17T15:06:00Z,5,254,6
Herzogstraße_merged_export,2025-12-17T12:38:00Z,2025-12-17T12:50:00Z,8.2,2025-12-17T12:38:00Z,12,82,13
Herzogstraße_merged_export,2025-12-17T11:34:00Z,2025-12-17T12:02:00Z,15.6,2025-12-17T11:34:00Z,28,156,29
Wasserstraße_Springorum_merged_export,2025-12-17T11:10:00Z,2025-12-17T11:10:00Z,1.9,2025-12-17T11:10:00Z,0,19,1
Herzogstraße_merged_export,2025-12-17T10:42:00Z,2025-12-17T11:12:00Z,6.3,2025-12-17T10:42:00Z,30,63,31
Herzogstraße_merged_export,2025-12-17T07:35:00Z,2025-12-17T08:50:00Z,10.7,2025-12-17T08:32:00Z,75,0.187,66
Herzogstraße_merged_export,2025-12-16T16:39:00Z,2025-12-17T02:00:00Z,9.5,2025-12-16T16:39:00Z,561,95,562
Herzogstraße_merged_export,2025-12-16T14:26:00Z,2025-12-16T14:50:00Z,29.4,2025-12-16T14:39:00Z,24,2.244,25
Herzogstraße_merged_export,2025-12-16T10:52:00Z,2025-12-16T11:08:00Z,15.7,2025-12-16T10:52:00Z,16,157,17
Herzogstraße_merged_export,2025-12-16T06:52:00Z,2025-12-16T07:27:00Z,8.5,2025-12-16T06:52:00Z,35,85,36
Herzogstraße_merged_export,2025-12-15T17:21:00Z,2025-12-15T18:09:00Z,3.7,2025-12-15T17:21:00Z,48,37,49
Herzogstraße_merged_export,2025-12-15T11:06:00Z,2025-12-15T11:09:00Z,8.2,2025-12-15T11:06:00Z,3,82,4
Herzogstraße_merged_export,2025-12-15T09:01:00Z,2025-12-15T09:08:00Z,14.3,2025-12-15T09:01:00Z,7,143,8
Herzogstraße_merged_export,2025-12-15T08:21:00Z,2025-12-15T08:32:00Z,13.5,2025-12-15T08:21:00Z,11,135,12
Wasserstraße_Springorum_merged_export,2025-12-12T09:27:00Z,2025-12-12T09:30:00Z,1.7,2025-12-12T09:27:00Z,3,17,4
Wasserstraße_Springorum_merged_export,2025-12-11T09:15:00Z,2025-12-11T09:15:00Z,2.2,2025-12-11T09:15:00Z,0,22,1
Wasserstraße_Springorum_merged_export,2025-12-10T07:58:00Z,2025-12-10T07:58:00Z,2.8,2025-12-10T07:58:00Z,0,28,1
Wasserstraße_Springorum_merged_export,2025-12-10T05:38:00Z,2025-12-10T07:32:00Z,2.7,2025-12-10T07:27:00Z,114,0.025,77
Herzogstraße_merged_export,2025-12-10T02:07:00Z,2025-12-10T06:57:00Z,3.5,2025-12-10T02:14:00Z,290,0.493,270
Wasserstraße_Springorum_merged_export,2025-12-09T22:38:00Z,2025-12-09T22:38:00Z,2.1,2025-12-09T22:38:00Z,0,21,1
Wasserstraße_Springorum_merged_export,2025-12-09T05:36:00Z,2025-12-09T05:56:00Z,3.6,2025-12-09T05:41:00Z,20,0.706,8
Herzogstraße_merged_export,2025-12-09T05:21:00Z,2025-12-09T09:02:00Z,3.3,2025-12-09T07:45:00Z,221,0.023,151
Wasserstraße_Springorum_merged_export,2025-12-09T03:12:00Z,2025-12-09T03:17:00Z,3.7,2025-12-09T03:13:00Z,5,3.364,6
Herzogstraße_merged_export,2025-12-08T17:49:00Z,2025-12-08T20:15:00Z,3.2,2025-12-08T17:56:00Z,146,0.451,132
Herzogstraße_merged_export,2025-12-08T16:16:00Z,2025-12-08T16:52:00Z,2.6,2025-12-08T16:52:00Z,36,0.072,6
Herzogstraße_merged_export,2025-12-08T14:22:00Z,2025-12-08T15:24:00Z,2.3,2025-12-08T14:52:00Z,62,0.076,26
Herzogstraße_merged_export,2025-12-08T13:56:00Z,2025-12-08T14:00:00Z,1.9,2025-12-08T13:56:00Z,4,19,2
Wasserstraße_Springorum_merged_export,2025-12-08T13:55:00Z,2025-12-08T14:00:00Z,4.2,2025-12-08T13:59:00Z,5,1.024,6
Herzogstraße_merged_export,2025-12-08T13:01:00Z,2025-12-08T13:19:00Z,2.5,2025-12-08T13:19:00Z,18,0.138,2
Herzogstraße_merged_export,2025-12-08T12:15:00Z,2025-12-08T12:39:00Z,2.7,2025-12-08T12:39:00Z,24,0.112,19
Wasserstraße_Springorum_merged_export,2025-12-08T11:53:00Z,2025-12-08T11:57:00Z,4.2,2025-12-08T11:56:00Z,4,1.355,5
Wasserstraße_Springorum_merged_export,2025-12-08T11:13:00Z,2025-12-08T11:18:00Z,4.2,2025-12-08T11:14:00Z,5,3.818,6
Herzogstraße_merged_export,2025-12-08T10:51:00Z,2025-12-08T10:51:00Z,2.8,2025-12-08T10:51:00Z,0,28,1
Herzogstraße_merged_export,2025-12-08T10:05:00Z,2025-12-08T10:11:00Z,2.5,2025-12-08T10:08:00Z,6,0.806,6
Wasserstraße_Springorum_merged_export,2025-12-08T10:01:00Z,2025-12-08T10:21:00Z,4.9,2025-12-08T10:20:00Z,20,0.257,8
Wasserstraße_Springorum_merged_export,2025-12-08T07:08:00Z,2025-12-08T07:11:00Z,1.7,2025-12-08T07:08:00Z,3,17,3
Wasserstraße_Springorum_merged_export,2025-12-08T06:36:00Z,2025-12-08T06:36:00Z,1.6,2025-12-08T06:36:00Z,0,16,1
Herzogstraße_merged_export,2025-12-08T05:46:00Z,2025-12-08T06:10:00Z,2.7,2025-12-08T05:56:00Z,24,0.267,19
Herzogstraße_merged_export,2025-12-08T04:51:00Z,2025-12-08T05:14:00Z,2,2025-12-08T04:53:00Z,23,0.952,16
Wasserstraße_Springorum_merged_export,2025-12-08T01:42:00Z,2025-12-08T05:34:00Z,5.8,2025-12-08T05:17:00Z,232,0.027,168
Wasserstraße_Springorum_merged_export,2025-12-08T00:26:00Z,2025-12-08T00:30:00Z,3.8,2025-12-08T00:30:00Z,4,0.927,5
Wasserstraße_Springorum_merged_export,2025-12-07T22:19:00Z,2025-12-07T22:23:00Z,3.6,2025-12-07T22:19:00Z,4,36,5
Herzogstraße_merged_export,2025-12-07T20:06:00Z,2025-12-07T20:09:00Z,1.8,2025-12-07T20:06:00Z,3,18,2
Wasserstraße_Springorum_merged_export,2025-12-07T15:59:00Z,2025-12-07T16:02:00Z,1.8,2025-12-07T15:59:00Z,3,18,4
Wasserstraße_Springorum_merged_export,2025-12-07T15:06:00Z,2025-12-07T15:14:00Z,2.1,2025-12-07T15:14:00Z,8,0.259,4
Wasserstraße_Springorum_merged_export,2025-12-07T14:18:00Z,2025-12-07T14:18:00Z,2.5,2025-12-07T14:18:00Z,0,25,1
Wasserstraße_Springorum_merged_export,2025-12-07T13:50:00Z,2025-12-07T13:55:00Z,5.2,2025-12-07T13:55:00Z,5,1.02,6
Wasserstraße_Springorum_merged_export,2025-12-07T09:41:00Z,2025-12-07T09:45:00Z,3.9,2025-12-07T09:45:00Z,4,0.951,5
Wasserstraße_Springorum_merged_export,2025-12-07T04:06:00Z,2025-12-07T04:10:00Z,3.5,2025-12-07T04:06:00Z,4,35,5
Herzogstraße_merged_export,2025-12-06T21:32:00Z,2025-12-06T21:32:00Z,1.7,2025-12-06T21:32:00Z,0,17,1
Wasserstraße_Springorum_merged_export,2025-12-06T13:04:00Z,2025-12-06T14:46:00Z,3.8,2025-12-06T13:39:00Z,102,0.108,48
Herzogstraße_merged_export,2025-12-06T11:30:00Z,2025-12-06T12:43:00Z,2.1,2025-12-06T11:33:00Z,73,0.677,73
Herzogstraße_merged_export,2025-12-06T10:30:00Z,2025-12-06T10:51:00Z,2.2,2025-12-06T10:30:00Z,21,22,22
Herzogstraße_merged_export,2025-12-06T04:45:00Z,2025-12-06T04:57:00Z,2,2025-12-06T04:46:00Z,12,1.818,4
Wasserstraße_Springorum_merged_export,2025-12-06T04:05:00Z,2025-12-06T04:09:00Z,3.7,2025-12-06T04:06:00Z,4,3.364,5
Wasserstraße_Springorum_merged_export,2025-12-06T03:12:00Z,2025-12-06T03:12:00Z,1.6,2025-12-06T03:12:00Z,0,16,1
Wasserstraße_Springorum_merged_export,2025-12-05T21:20:00Z,2025-12-05T21:20:00Z,1.7,2025-12-05T21:20:00Z,0,17,1
Wasserstraße_Springorum_merged_export,2025-12-05T14:20:00Z,2025-12-05T14:20:00Z,4.8,2025-12-05T14:20:00Z,0,48,1
Wasserstraße_Springorum_merged_export,2025-12-05T12:30:00Z,2025-12-05T12:30:00Z,1.9,2025-12-05T12:30:00Z,0,19,1
Wasserstraße_Springorum_merged_export,2025-12-05T07:02:00Z,2025-12-05T07:13:00Z,4.1,2025-12-05T07:12:00Z,11,0.406,12
Wasserstraße_Springorum_merged_export,2025-12-04T13:48:00Z,2025-12-04T13:48:00Z,2.1,2025-12-04T13:48:00Z,0,21,1
Wasserstraße_Springorum_merged_export,2025-12-04T06:09:00Z,2025-12-04T06:14:00Z,4.3,2025-12-04T06:14:00Z,5,0.843,6
Wasserstraße_Springorum_merged_export,2025-12-04T05:10:00Z,2025-12-04T05:15:00Z,4.1,2025-12-04T05:14:00Z,5,1,6
Herzogstraße_merged_export,2025-12-04T01:09:00Z,2025-12-04T01:09:00Z,1.6,2025-12-04T01:09:00Z,0,16,1
Herzogstraße_merged_export,2025-12-04T00:35:00Z,2025-12-04T00:37:00Z,1.7,2025-12-04T00:35:00Z,2,17,2
Herzogstraße_merged_export,2025-12-03T22:22:00Z,2025-12-03T22:38:00Z,1.9,2025-12-03T22:23:00Z,16,1.727,6
Wasserstraße_Springorum_merged_export,2025-12-03T06:45:00Z,2025-12-03T06:57:00Z,1.6,2025-12-03T06:45:00Z,12,16,2
Wasserstraße_Springorum_merged_export,2025-12-03T05:51:00Z,2025-12-03T05:51:00Z,2.7,2025-12-03T05:51:00Z,0,27,1
Wasserstraße_Springorum_merged_export,2025-12-03T02:19:00Z,2025-12-03T04:56:00Z,5.8,2025-12-03T03:22:00Z,157,0.092,111
Wasserstraße_Springorum_merged_export,2025-12-03T01:53:00Z,2025-12-03T01:53:00Z,1.6,2025-12-03T01:53:00Z,0,16,1
Wasserstraße_Springorum_merged_export,2025-12-03T01:20:00Z,2025-12-03T01:20:00Z,1.6,2025-12-03T01:20:00Z,0,16,1
Wasserstraße_Springorum_merged_export,2025-12-02T16:19:00Z,2025-12-02T16:19:00Z,2.1,2025-12-02T16:19:00Z,0,21,1
Wasserstraße_Springorum_merged_export,2025-12-02T13:52:00Z,2025-12-02T13:52:00Z,1.8,2025-12-02T13:52:00Z,0,18,1
Herzogstraße_merged_export,2025-12-02T12:19:00Z,2025-12-02T12:20:00Z,1.9,2025-12-02T12:19:00Z,1,19,2
Wasserstraße_Springorum_merged_export,2025-12-02T11:01:00Z,2025-12-02T11:06:00Z,4.4,2025-12-02T11:04:00Z,5,1.419,6
Herzogstraße_merged_export,2025-12-02T10:36:00Z,2025-12-02T11:42:00Z,2.7,2025-12-02T10:36:00Z,66,27,42
Herzogstraße_merged_export,2025-12-02T10:07:00Z,2025-12-02T10:11:00Z,1.6,2025-12-02T10:07:00Z,4,16,2
Wasserstraße_Springorum_merged_export,2025-12-02T05:41:00Z,2025-12-02T06:10:00Z,4.9,2025-12-02T06:08:00Z,29,0.181,18
Wasserstraße_Springorum_merged_export,2025-12-01T21:45:00Z,2025-12-01T21:45:00Z,1.8,2025-12-01T21:45:00Z,0,18,1
Wasserstraße_Springorum_merged_export,2025-12-01T20:42:00Z,2025-12-01T20:42:00Z,1.7,2025-12-01T20:42:00Z,0,17,1
Wasserstraße_Springorum_merged_export,2025-12-01T11:15:00Z,2025-12-01T11:15:00Z,1.6,2025-12-01T11:15:00Z,0,16,1
Wasserstraße_Springorum_merged_export,2025-11-30T19:59:00Z,2025-11-30T19:59:00Z,1.6,2025-11-30T19:59:00Z,0,16,1
Wasserstraße_Springorum_merged_export,2025-11-30T16:16:00Z,2025-11-30T16:28:00Z,1.8,2025-11-30T16:21:00Z,12,0.353,3
Wasserstraße_Springorum_merged_export,2025-11-29T11:06:00Z,2025-11-29T11:06:00Z,2,2025-11-29T11:06:00Z,0,20,1
Herzogstraße_merged_export,2025-11-29T10:11:00Z,2025-11-29T11:00:00Z,5.8,2025-11-29T10:11:00Z,49,58,50
Wasserstraße_Springorum_merged_export,2025-11-29T09:25:00Z,2025-11-29T09:25:00Z,2.7,2025-11-29T09:25:00Z,0,27,1
Herzogstraße_merged_export,2025-11-29T08:13:00Z,2025-11-29T09:33:00Z,3.5,2025-11-29T08:13:00Z,80,35,81
Wasserstraße_Springorum_merged_export,2025-11-29T03:00:00Z,2025-11-29T03:05:00Z,4.7,2025-11-29T03:00:00Z,5,47,6
Wasserstraße_Springorum_merged_export,2025-11-28T23:28:00Z,2025-11-28T23:33:00Z,3.6,2025-11-28T23:32:00Z,5,0.878,6
Herzogstraße_merged_export,2025-11-28T12:22:00Z,2025-11-28T12:22:00Z,1.6,2025-11-28T12:22:00Z,0,16,1
Herzogstraße_merged_export,2025-11-28T11:08:00Z,2025-11-28T11:10:00Z,2,2025-11-28T11:10:00Z,2,0.952,2
Wasserstraße_Springorum_merged_export,2025-11-28T06:57:00Z,2025-11-28T07:02:00Z,2.5,2025-11-28T07:02:00Z,5,0.49,5
Wasserstraße_Springorum_merged_export,2025-11-28T01:54:00Z,2025-11-28T01:54:00Z,4.9,2025-11-28T01:54:00Z,0,49,1
Wasserstraße_Springorum_merged_export,2025-11-27T17:20:00Z,2025-11-27T17:20:00Z,1.6,2025-11-27T17:20:00Z,0,16,1
Wasserstraße_Springorum_merged_export,2025-11-27T14:25:00Z,2025-11-27T14:25:00Z,1.8,2025-11-27T14:25:00Z,0,18,1
An_der_Kost_merged_export,2025-11-27T06:05:00Z,2025-11-27T06:05:00Z,4.8,2025-11-27T06:05:00Z,0,48,1
Wasserstraße_Springorum_merged_export,2025-11-26T20:52:00Z,2025-11-26T20:52:00Z,4.9,2025-11-26T20:52:00Z,0,49,1
Wasserstraße_Springorum_merged_export,2025-11-26T13:03:00Z,2025-11-26T13:03:00Z,3.2,2025-11-26T13:03:00Z,0,32,1
Herzogstraße_merged_export,2025-11-25T15:34:00Z,2025-11-25T15:34:00Z,2.7,2025-11-25T15:34:00Z,0,27,1
Herzogstraße_merged_export,2025-11-25T13:46:00Z,2025-11-25T14:23:00Z,2.8,2025-11-25T13:46:00Z,37,28,5
Herzogstraße_merged_export,2025-11-25T11:59:00Z,2025-11-25T11:59:00Z,2.6,2025-11-25T11:59:00Z,0,26,1
Herzogstraße_merged_export,2025-11-24T20:34:00Z,2025-11-24T20:40:00Z,5.1,2025-11-24T20:34:00Z,6,51,7
Herzogstraße_merged_export,2025-11-24T14:34:00Z,2025-11-24T14:36:00Z,1.9,2025-11-24T14:34:00Z,2,19,2
Wasserstraße_Springorum_merged_export,2025-11-24T14:12:00Z,2025-11-24T14:24:00Z,4.2,2025-11-24T14:19:00Z,12,0.592,12
Wasserstraße_Springorum_merged_export,2025-11-24T13:39:00Z,2025-11-24T13:42:00Z,4.1,2025-11-24T13:41:00Z,3,1.952,4
Wasserstraße_Springorum_merged_export,2025-11-22T14:27:00Z,2025-11-22T14:27:00Z,1.6,2025-11-22T14:27:00Z,0,16,1
Wasserbaulabor_2_merged_export,2025-11-20T11:10:15Z,2025-11-22T08:41:45Z,29.9,2025-11-20T20:12:45Z,2731.5,0.055,9531
Herzogstraße_merged_export,2025-11-20T07:06:00Z,2025-11-20T07:06:00Z,1.8,2025-11-20T07:06:00Z,0,18,1
Herzogstraße_merged_export,2025-11-19T20:22:00Z,2025-11-19T20:26:00Z,1.9,2025-11-19T20:26:00Z,4,0.463,2
Herzogstraße_merged_export,2025-11-19T20:01:00Z,2025-11-19T20:01:00Z,1.6,2025-11-19T20:01:00Z,0,16,1
Herzogstraße_merged_export,2025-11-19T17:37:00Z,2025-11-19T17:37:00Z,1.8,2025-11-19T17:37:00Z,0,18,1
Herzogstraße_merged_export,2025-11-19T14:43:00Z,2025-11-19T14:43:00Z,1.6,2025-11-19T14:43:00Z,0,16,1
Herzogstraße_merged_export,2025-11-19T12:37:00Z,2025-11-19T13:30:00Z,2,2025-11-19T12:57:00Z,53,0.1,10
Herzogstraße_merged_export,2025-11-19T09:29:00Z,2025-11-19T09:29:00Z,2.1,2025-11-19T09:29:00Z,0,21,1
Herzogstraße_merged_export,2025-11-19T03:48:00Z,2025-11-19T03:48:00Z,1.7,2025-11-19T03:48:00Z,0,17,1
Herzogstraße_merged_export,2025-11-18T21:23:00Z,2025-11-19T01:15:00Z,4.1,2025-11-18T22:36:00Z,232,0.056,182
Herzogstraße_merged_export,2025-11-18T20:13:00Z,2025-11-18T20:15:00Z,5.7,2025-11-18T20:13:00Z,2,57,2
Herzogstraße_merged_export,2025-11-18T18:47:00Z,2025-11-18T19:21:00Z,2.3,2025-11-18T18:50:00Z,34,0.742,33
Herzogstraße_merged_export,2025-11-18T17:10:00Z,2025-11-18T18:12:00Z,3.4,2025-11-18T17:49:00Z,62,0.087,47
Herzogstraße_merged_export,2025-11-18T15:53:00Z,2025-11-18T15:53:00Z,1.6,2025-11-18T15:53:00Z,0,16,1
Herzogstraße_merged_export,2025-11-18T15:29:00Z,2025-11-18T15:29:00Z,1.6,2025-11-18T15:29:00Z,0,16,1
Herzogstraße_merged_export,2025-11-18T14:07:00Z,2025-11-18T14:43:00Z,1.8,2025-11-18T14:07:00Z,36,18,6
Herzogstraße_merged_export,2025-11-18T12:21:00Z,2025-11-18T12:22:00Z,1.8,2025-11-18T12:21:00Z,1,18,2
Herzogstraße_merged_export,2025-11-18T09:50:00Z,2025-11-18T11:05:00Z,3.2,2025-11-18T10:13:00Z,75,0.139,50
Herzogstraße_merged_export,2025-11-18T07:20:00Z,2025-11-18T07:20:00Z,1.7,2025-11-18T07:20:00Z,0,17,1
Herzogstraße_merged_export,2025-11-17T14:06:00Z,2025-11-17T15:35:00Z,3.2,2025-11-17T14:17:00Z,89,0.288,52
An_der_Kost_merged_export,2025-11-17T13:30:00Z,2025-11-17T13:46:00Z,2.2,2025-11-17T13:30:00Z,16,22,3
Herzogstraße_merged_export,2025-11-17T13:10:00Z,2025-11-17T13:18:00Z,3.2,2025-11-17T13:11:00Z,8,2.909,5
Herzogstraße_merged_export,2025-11-17T06:37:00Z,2025-11-17T11:15:00Z,4,2025-11-17T07:48:00Z,278,0.056,261
Herzogstraße_merged_export,2025-11-17T06:08:00Z,2025-11-17T06:15:00Z,2.7,2025-11-17T06:08:00Z,7,27,7
Herzogstraße_merged_export,2025-11-17T04:15:00Z,2025-11-17T05:38:00Z,3.5,2025-11-17T04:43:00Z,83,0.125,67
Herzogstraße_merged_export,2025-11-16T23:21:00Z,2025-11-16T23:48:00Z,1.6,2025-11-16T23:21:00Z,27,16,3
Herzogstraße_merged_export,2025-11-16T17:25:00Z,2025-11-16T22:48:00Z,4.2,2025-11-16T17:48:00Z,323,0.182,319
Herzogstraße_merged_export,2025-11-16T14:34:00Z,2025-11-16T14:34:00Z,1.9,2025-11-16T14:34:00Z,0,19,1
Herzogstraße_merged_export,2025-11-16T12:45:00Z,2025-11-16T13:59:00Z,3.3,2025-11-16T12:54:00Z,74,0.363,75
Herzogstraße_merged_export,2025-11-16T10:11:00Z,2025-11-16T10:17:00Z,2.2,2025-11-16T10:16:00Z,6,0.431,6
Herzogstraße_merged_export,2025-11-16T02:03:00Z,2025-11-16T07:53:00Z,3.9,2025-11-16T03:56:00Z,350,0.034,315
Herzogstraße_merged_export,2025-11-16T00:50:00Z,2025-11-16T00:50:00Z,1.7,2025-11-16T00:50:00Z,0,17,1
Herzogstraße_merged_export,2025-11-16T00:22:00Z,2025-11-16T00:22:00Z,1.7,2025-11-16T00:22:00Z,0,17,1
Herzogstraße_merged_export,2025-11-15T22:39:00Z,2025-11-15T23:49:00Z,2.1,2025-11-15T22:40:00Z,70,1.909,18
Herzogstraße_merged_export,2025-11-15T20:54:00Z,2025-11-15T21:08:00Z,2,2025-11-15T21:08:00Z,14,0.142,4
Herzogstraße_merged_export,2025-11-15T19:04:00Z,2025-11-15T19:04:00Z,1.6,2025-11-15T19:04:00Z,0,16,1
Herzogstraße_merged_export,2025-11-15T13:45:00Z,2025-11-15T13:45:00Z,5,2025-11-15T13:45:00Z,0,50,1
Herzogstraße_merged_export,2025-11-15T12:08:00Z,2025-11-15T12:08:00Z,1.6,2025-11-15T12:08:00Z,0,16,1
Herzogstraße_merged_export,2025-11-15T09:23:00Z,2025-11-15T09:23:00Z,2.2,2025-11-15T09:23:00Z,0,22,1
Herzogstraße_merged_export,2025-11-14T19:07:00Z,2025-11-14T23:59:00Z,14.1,2025-11-14T19:07:00Z,292,141,293
Herzogstraße_merged_export,2025-11-14T16:26:00Z,2025-11-14T17:10:00Z,25.4,2025-11-14T16:26:00Z,44,254,45
Herzogstraße_merged_export,2025-11-14T14:40:00Z,2025-11-14T14:59:00Z,18.2,2025-11-14T14:44:00Z,19,4.439,20
Herzogstraße_merged_export,2025-11-14T13:38:00Z,2025-11-14T13:52:00Z,28.5,2025-11-14T13:40:00Z,14,13.571,15
Wasserstraße_Springorum_merged_export,2025-11-14T11:42:00Z,2025-11-14T11:42:00Z,2.2,2025-11-14T11:42:00Z,0,22,1
Herzogstraße_merged_export,2025-11-14T10:25:00Z,2025-11-14T11:10:00Z,23.1,2025-11-14T10:25:00Z,45,231,46
Herzogstraße_merged_export,2025-11-14T08:35:00Z,2025-11-14T09:19:00Z,3.1,2025-11-14T09:15:00Z,44,0.077,45
Königsallee_Springorum_merged_export,2025-11-14T06:50:00Z,2025-11-14T06:50:00Z,1.7,2025-11-14T06:50:00Z,0,17,1
Wasserstraße_Springorum_merged_export,2025-11-14T05:54:00Z,2025-11-14T05:54:00Z,1.6,2025-11-14T05:54:00Z,0,16,1
Herzogstraße_merged_export,2025-11-14T05:09:00Z,2025-11-14T07:00:00Z,15.3,2025-11-14T05:09:00Z,111,153,112
Herzogstraße_merged_export,2025-11-13T17:43:00Z,2025-11-13T19:11:00Z,20.4,2025-11-13T18:40:00Z,88,0.357,89
Wasserstraße_Springorum_merged_export,2025-11-13T17:31:00Z,2025-11-13T17:31:00Z,1.8,2025-11-13T17:31:00Z,0,18,1
Herzogstraße_merged_export,2025-11-13T16:40:00Z,2025-11-13T17:06:00Z,4.3,2025-11-13T16:40:00Z,26,43,27
Herzogstraße_merged_export,2025-11-13T15:40:00Z,2025-11-13T16:04:00Z,13.4,2025-11-13T15:40:00Z,24,134,25
Wasserstraße_Springorum_merged_export,2025-11-13T14:42:00Z,2025-11-13T14:53:00Z,5.5,2025-11-13T14:42:00Z,11,55,2
Wasserstraße_Springorum_merged_export,2025-11-13T13:54:00Z,2025-11-13T13:54:00Z,5.3,2025-11-13T13:54:00Z,0,53,1
Herzogstraße_merged_export,2025-11-13T11:04:00Z,2025-11-13T14:16:00Z,12.5,2025-11-13T11:04:00Z,192,125,186
Wasserstraße_Springorum_merged_export,2025-11-13T10:22:00Z,2025-11-13T10:22:00Z,1.6,2025-11-13T10:22:00Z,0,16,1
Wasserstraße_Springorum_merged_export,2025-11-13T09:58:00Z,2025-11-13T09:58:00Z,2.5,2025-11-13T09:58:00Z,0,25,1
Herzogstraße_merged_export,2025-11-13T06:08:00Z,2025-11-13T08:06:00Z,24.3,2025-11-13T06:41:00Z,118,0.734,119
Herzogstraße_merged_export,2025-11-12T20:02:00Z,2025-11-13T05:26:00Z,26,2025-11-12T20:02:00Z,564,260,550
Herzogstraße_merged_export,2025-11-12T14:26:00Z,2025-11-12T15:04:00Z,9.8,2025-11-12T14:26:00Z,38,98,39
Wasserstraße_Springorum_merged_export,2025-11-12T14:18:00Z,2025-11-12T14:18:00Z,2.6,2025-11-12T14:18:00Z,0,26,1
Wasserstraße_Springorum_merged_export,2025-11-12T12:52:00Z,2025-11-12T12:52:00Z,2,2025-11-12T12:52:00Z,0,20,1
Herzogstraße_merged_export,2025-11-12T11:46:00Z,2025-11-12T11:58:00Z,16.7,2025-11-12T11:46:00Z,12,167,13
Herzogstraße_merged_export,2025-11-12T11:07:00Z,2025-11-12T11:22:00Z,7.6,2025-11-12T11:07:00Z,15,76,16
Wasserstraße_Springorum_merged_export,2025-11-12T08:57:00Z,2025-11-12T08:57:00Z,1.6,2025-11-12T08:57:00Z,0,16,1
Herzogstraße_merged_export,2025-11-12T08:05:00Z,2025-11-12T08:51:00Z,15.7,2025-11-12T08:05:00Z,46,157,40
Herzogstraße_merged_export,2025-11-11T17:04:00Z,2025-11-12T06:31:00Z,8.3,2025-11-11T17:04:00Z,807,83,808
Wasserstraße_Springorum_merged_export,2025-11-11T15:08:00Z,2025-11-11T15:08:00Z,4.6,2025-11-11T15:08:00Z,0,46,1
Wasserstraße_Springorum_merged_export,2025-11-11T12:44:00Z,2025-11-11T12:44:00Z,3.7,2025-11-11T12:44:00Z,0,37,1
Herzogstraße_merged_export,2025-11-11T10:33:00Z,2025-11-11T16:40:00Z,22.4,2025-11-11T15:38:00Z,367,0.073,368
Herzogstraße_merged_export,2025-11-11T09:10:00Z,2025-11-11T09:23:00Z,17.6,2025-11-11T09:10:00Z,13,176,14
Herzogstraße_merged_export,2025-11-11T05:49:00Z,2025-11-11T06:23:00Z,5.9,2025-11-11T05:49:00Z,34,59,35
Wasserstraße_Springorum_merged_export,2025-11-11T03:58:00Z,2025-11-11T04:23:00Z,5.5,2025-11-11T03:58:00Z,25,55,18
Wasserstraße_Springorum_merged_export,2025-11-11T01:47:00Z,2025-11-11T02:08:00Z,5.2,2025-11-11T02:05:00Z,21,0.287,12
Wasserstraße_Springorum_merged_export,2025-11-11T00:53:00Z,2025-11-11T00:58:00Z,4.9,2025-11-11T00:56:00Z,5,1.581,6
Wasserstraße_Springorum_merged_export,2025-11-11T00:04:00Z,2025-11-11T00:09:00Z,4.5,2025-11-11T00:05:00Z,5,4.091,6
Herzogstraße_merged_export,2025-11-10T19:15:00Z,2025-11-10T21:26:00Z,23.6,2025-11-10T19:15:00Z,131,236,132
Herzogstraße_merged_export,2025-11-10T14:49:00Z,2025-11-10T16:30:00Z,19.4,2025-11-10T14:49:00Z,101,194,99
Wasserstraße_Springorum_merged_export,2025-11-10T12:00:00Z,2025-11-10T12:00:00Z,1.9,2025-11-10T12:00:00Z,0,19,1
Herzogstraße_merged_export,2025-11-10T11:10:00Z,2025-11-10T13:42:00Z,23.6,2025-11-10T12:52:00Z,152,0.231,142
Herzogstraße_merged_export,2025-11-10T09:41:00Z,2025-11-10T10:24:00Z,3,2025-11-10T09:41:00Z,43,30,44
Herzogstraße_merged_export,2025-11-10T06:47:00Z,2025-11-10T08:45:00Z,14.3,2025-11-10T06:47:00Z,118,143,119
Wasserstraße_Springorum_merged_export,2025-11-10T05:25:00Z,2025-11-10T05:25:00Z,4.4,2025-11-10T05:25:00Z,0,44,1
Herzogstraße_merged_export,2025-11-09T18:28:00Z,2025-11-09T18:56:00Z,1.9,2025-11-09T18:28:00Z,28,19,29
Herzogstraße_merged_export,2025-11-08T17:37:00Z,2025-11-08T19:28:00Z,19.2,2025-11-08T18:50:00Z,111,0.263,112
Herzogstraße_merged_export,2025-11-08T15:37:00Z,2025-11-08T16:19:00Z,26,2025-11-08T15:37:00Z,42,260,43
Herzogstraße_merged_export,2025-11-08T07:43:00Z,2025-11-08T10:00:00Z,14.8,2025-11-08T07:43:00Z,137,148,123
Herzogstraße_merged_export,2025-11-08T05:13:00Z,2025-11-08T06:54:00Z,8.9,2025-11-08T06:01:00Z,101,0.185,102
Wasserstraße_Springorum_merged_export,2025-11-07T14:54:00Z,2025-11-07T14:54:00Z,1.7,2025-11-07T14:54:00Z,0,17,1
Wasserstraße_Springorum_merged_export,2025-11-07T13:50:00Z,2025-11-07T13:50:00Z,4,2025-11-07T13:50:00Z,0,40,1
Wasserstraße_Springorum_merged_export,2025-11-07T09:57:00Z,2025-11-07T09:57:00Z,2.3,2025-11-07T09:57:00Z,0,23,1
Königsallee_Springorum_merged_export,2025-11-05T05:43:00Z,2025-11-05T05:43:00Z,1.7,2025-11-05T05:43:00Z,0,17,1
Wasserstraße_Springorum_merged_export,2025-11-05T05:40:00Z,2025-11-05T05:40:00Z,1.7,2025-11-05T05:40:00Z,0,17,1
Wasserstraße_Springorum_merged_export,2025-11-04T12:05:00Z,2025-11-04T12:05:00Z,4.1,2025-11-04T12:05:00Z,0,41,1
Wasserstraße_Springorum_merged_export,2025-11-04T09:18:00Z,2025-11-04T09:18:00Z,2.4,2025-11-04T09:18:00Z,0,24,1
Wasserstraße_Springorum_merged_export,2025-11-04T06:25:00Z,2025-11-04T06:25:00Z,4.9,2025-11-04T06:25:00Z,0,49,1
Wasserstraße_Springorum_merged_export,2025-11-03T14:35:00Z,2025-11-03T14:41:00Z,4.9,2025-11-03T14:41:00Z,6,0.803,2
Wasserstraße_Springorum_merged_export,2025-11-03T10:25:00Z,2025-11-03T10:36:00Z,4.9,2025-11-03T10:25:00Z,11,49,2
Wasserstraße_Springorum_merged_export,2025-11-03T03:33:00Z,2025-11-03T03:33:00Z,3.2,2025-11-03T03:33:00Z,0,32,1
Wasserstraße_Springorum_merged_export,2025-11-02T16:43:00Z,2025-11-02T20:47:00Z,6.5,2025-11-02T18:12:00Z,244,0.073,185
Königsallee_Springorum_merged_export,2025-11-02T16:05:00Z,2025-11-02T16:05:00Z,1.6,2025-11-02T16:05:00Z,0,16,1
Herzogstraße_merged_export,2025-11-02T11:16:00Z,2025-11-02T11:16:00Z,1.6,2025-11-02T11:16:00Z,0,16,1
Wasserstraße_Springorum_merged_export,2025-11-02T10:23:00Z,2025-11-02T11:20:00Z,3.3,2025-11-02T10:50:00Z,57,0.122,35
Wasserstraße_Springorum_merged_export,2025-11-02T09:54:00Z,2025-11-02T09:58:00Z,2.2,2025-11-02T09:56:00Z,4,1.048,5
Wasserstraße_Springorum_merged_export,2025-11-02T09:08:00Z,2025-11-02T09:13:00Z,2.7,2025-11-02T09:11:00Z,5,0.871,6
Herzogstraße_merged_export,2025-11-02T06:55:00Z,2025-11-02T10:43:00Z,3,2025-11-02T06:58:00Z,228,0.968,117
Königsallee_Springorum_merged_export,2025-11-02T05:12:00Z,2025-11-02T05:17:00Z,1.9,2025-11-02T05:16:00Z,5,0.463,3
Königsallee_Springorum_merged_export,2025-11-02T02:10:00Z,2025-11-02T02:10:00Z,1.6,2025-11-02T02:10:00Z,0,16,1
Wasserstraße_Springorum_merged_export,2025-11-02T01:50:00Z,2025-11-02T02:38:00Z,2.6,2025-11-02T02:16:00Z,48,0.1,20
Wasserstraße_Springorum_merged_export,2025-11-02T00:59:00Z,2025-11-02T01:25:00Z,3,2025-11-02T01:00:00Z,26,2.727,16
Wasserstraße_Springorum_merged_export,2025-11-01T23:44:00Z,2025-11-02T00:18:00Z,4,2025-11-02T00:00:00Z,34,0.248,18
Wasserstraße_Springorum_merged_export,2025-11-01T23:09:00Z,2025-11-01T23:11:00Z,2,2025-11-01T23:09:00Z,2,20,3
Wasserstraße_Springorum_merged_export,2025-11-01T22:12:00Z,2025-11-01T22:17:00Z,2.2,2025-11-01T22:13:00Z,5,2,5
Wasserstraße_Springorum_merged_export,2025-11-01T21:02:00Z,2025-11-01T21:28:00Z,3.1,2025-11-01T21:07:00Z,26,0.608,12
Wasserstraße_Springorum_merged_export,2025-11-01T19:25:00Z,2025-11-01T19:38:00Z,3.9,2025-11-01T19:25:00Z,13,39,12
Wasserstraße_Springorum_merged_export,2025-11-01T18:26:00Z,2025-11-01T18:41:00Z,4.4,2025-11-01T18:28:00Z,15,2.095,11
Herzogstraße_merged_export,2025-11-01T13:48:00Z,2025-11-01T14:02:00Z,2.3,2025-11-01T13:48:00Z,14,23,13
Wasserstraße_Springorum_merged_export,2025-11-01T12:58:00Z,2025-11-01T13:02:00Z,4,2025-11-01T12:59:00Z,4,3.636,5
Herzogstraße_merged_export,2025-11-01T12:17:00Z,2025-11-01T12:49:00Z,2.3,2025-11-01T12:39:00Z,32,0.104,9
Wasserstraße_Springorum_merged_export,2025-11-01T10:39:00Z,2025-11-01T11:23:00Z,4.1,2025-11-01T10:58:00Z,44,0.215,22
Wasserstraße_Springorum_merged_export,2025-10-31T19:41:00Z,2025-10-31T19:41:00Z,1.9,2025-10-31T19:41:00Z,0,19,1
Wasserstraße_Springorum_merged_export,2025-10-31T16:13:00Z,2025-10-31T16:13:00Z,3,2025-10-31T16:13:00Z,0,30,1
Wasserstraße_Springorum_merged_export,2025-10-31T01:59:00Z,2025-10-31T01:59:00Z,4.2,2025-10-31T01:59:00Z,0,42,1
Wasserstraße_Springorum_merged_export,2025-10-30T19:52:00Z,2025-10-30T19:52:00Z,5.1,2025-10-30T19:52:00Z,0,51,1
Herzogstraße_merged_export,2025-10-30T06:27:00Z,2025-10-30T06:27:00Z,1.6,2025-10-30T06:27:00Z,0,16,1
Wasserstraße_Springorum_merged_export,2025-10-30T05:28:00Z,2025-10-30T05:33:00Z,3.2,2025-10-30T05:30:00Z,5,1.524,6
Herzogstraße_merged_export,2025-10-30T04:10:00Z,2025-10-30T04:43:00Z,3.6,2025-10-30T04:10:00Z,33,36,34
Wasserstraße_Springorum_merged_export,2025-10-30T03:04:00Z,2025-10-30T03:09:00Z,3.2,2025-10-30T03:06:00Z,5,1.524,6
Herzogstraße_merged_export,2025-10-30T00:42:00Z,2025-10-30T00:42:00Z,1.7,2025-10-30T00:42:00Z,0,17,1
Herzogstraße_merged_export,2025-10-29T23:16:00Z,2025-10-29T23:16:00Z,1.6,2025-10-29T23:16:00Z,0,16,1
Herzogstraße_merged_export,2025-10-29T04:46:00Z,2025-10-29T04:50:00Z,1.7,2025-10-29T04:46:00Z,4,17,2
Herzogstraße_merged_export,2025-10-29T04:15:00Z,2025-10-29T04:16:00Z,1.9,2025-10-29T04:15:00Z,1,19,2
Herzogstraße_merged_export,2025-10-28T10:19:00Z,2025-10-28T11:56:00Z,3.7,2025-10-28T11:18:00Z,97,0.063,39
Herzogstraße_merged_export,2025-10-28T09:45:00Z,2025-10-28T09:46:00Z,3.2,2025-10-28T09:46:00Z,1,2.909,2
Wasserbaulabor_2_merged_export,2025-10-27T12:03:30Z,2025-10-27T12:27:00Z,3,2025-10-27T12:07:45Z,23.5,0.69,84
Herzogstraße_merged_export,2025-10-27T11:59:00Z,2025-10-27T12:52:00Z,2.3,2025-10-27T12:07:00Z,53,0.284,50
Herzogstraße_merged_export,2025-10-27T06:33:00Z,2025-10-27T09:34:00Z,3.3,2025-10-27T07:42:00Z,181,0.048,110
Herzogstraße_merged_export,2025-10-27T03:24:00Z,2025-10-27T03:24:00Z,1.6,2025-10-27T03:24:00Z,0,16,1
Herzogstraße_merged_export,2025-10-26T14:06:00Z,2025-10-26T14:10:00Z,1.9,2025-10-26T14:06:00Z,4,19,2
Herzogstraße_merged_export,2025-10-26T12:09:00Z,2025-10-26T12:09:00Z,1.9,2025-10-26T12:09:00Z,0,19,1
Herzogstraße_merged_export,2025-10-26T11:25:00Z,2025-10-26T11:44:00Z,1.7,2025-10-26T11:25:00Z,19,17,3
Herzogstraße_merged_export,2025-10-26T00:38:00Z,2025-10-26T00:38:00Z,4.4,2025-10-26T00:38:00Z,0,44,1
Herzogstraße_merged_export,2025-10-25T19:54:00Z,2025-10-25T19:54:00Z,1.7,2025-10-25T19:54:00Z,0,17,1
Herzogstraße_merged_export,2025-10-25T17:30:00Z,2025-10-25T17:30:00Z,1.6,2025-10-25T17:30:00Z,0,16,1
Herzogstraße_merged_export,2025-10-25T08:50:00Z,2025-10-25T08:51:00Z,6.1,2025-10-25T08:50:00Z,1,61,2
Herzogstraße_merged_export,2025-10-25T08:24:00Z,2025-10-25T08:28:00Z,2.6,2025-10-25T08:26:00Z,4,1.238,4
Herzogstraße_merged_export,2025-10-25T06:09:00Z,2025-10-25T06:09:00Z,1.6,2025-10-25T06:09:00Z,0,16,1
Herzogstraße_merged_export,2025-10-23T22:33:00Z,2025-10-24T01:59:00Z,6.9,2025-10-23T22:44:00Z,206,0.622,204
Herzogstraße_merged_export,2025-10-23T22:06:00Z,2025-10-23T22:06:00Z,1.6,2025-10-23T22:06:00Z,0,16,1
Königsallee_Springorum_merged_export,2025-10-23T20:06:00Z,2025-10-23T20:15:00Z,3.3,2025-10-23T20:06:00Z,9,33,6
Herzogstraße_merged_export,2025-10-23T19:05:00Z,2025-10-23T21:21:00Z,7.2,2025-10-23T20:25:00Z,136,0.09,114
Königsallee_Springorum_merged_export,2025-10-23T18:54:00Z,2025-10-23T18:55:00Z,2.2,2025-10-23T18:54:00Z,1,22,2
Herzogstraße_merged_export,2025-10-23T18:41:00Z,2025-10-23T18:41:00Z,1.8,2025-10-23T18:41:00Z,0,18,1
Herzogstraße_merged_export,2025-10-23T18:07:00Z,2025-10-23T18:14:00Z,2.2,2025-10-23T18:12:00Z,7,0.431,4
Herzogstraße_merged_export,2025-10-23T17:20:00Z,2025-10-23T17:20:00Z,1.6,2025-10-23T17:20:00Z,0,16,1
Herzogstraße_merged_export,2025-10-23T15:29:00Z,2025-10-23T15:33:00Z,4.1,2025-10-23T15:33:00Z,4,1,2
Herzogstraße_merged_export,2025-10-23T14:11:00Z,2025-10-23T14:11:00Z,2.1,2025-10-23T14:11:00Z,0,21,1
Herzogstraße_merged_export,2025-10-23T08:15:00Z,2025-10-23T08:58:00Z,5.2,2025-10-23T08:15:00Z,43,52,14
Herzogstraße_merged_export,2025-10-23T05:37:00Z,2025-10-23T05:55:00Z,5.2,2025-10-23T05:44:00Z,18,0.732,6
Herzogstraße_merged_export,2025-10-23T04:23:00Z,2025-10-23T04:35:00Z,2.7,2025-10-23T04:33:00Z,12,0.267,6
Herzogstraße_merged_export,2025-10-22T07:37:00Z,2025-10-22T07:37:00Z,1.6,2025-10-22T07:37:00Z,0,16,1
Herzogstraße_merged_export,2025-10-22T07:06:00Z,2025-10-22T07:06:00Z,1.6,2025-10-22T07:06:00Z,0,16,1
Herzogstraße_merged_export,2025-10-22T02:41:00Z,2025-10-22T04:19:00Z,3.9,2025-10-22T02:42:00Z,98,3.545,82
Herzogstraße_merged_export,2025-10-22T01:13:00Z,2025-10-22T01:23:00Z,1.8,2025-10-22T01:15:00Z,10,0.857,3
Wasserstraße_Springorum_merged_export,2025-10-21T10:10:00Z,2025-10-21T10:42:00Z,7.6,2025-10-21T10:37:00Z,32,0.28,21
Wasserstraße_Springorum_merged_export,2025-10-21T09:38:00Z,2025-10-21T09:42:00Z,5.7,2025-10-21T09:42:00Z,4,1.39,5
Herzogstraße_merged_export,2025-10-21T08:57:00Z,2025-10-21T09:42:00Z,2.2,2025-10-21T09:13:00Z,45,0.137,36
Wasserstraße_Springorum_merged_export,2025-10-21T04:48:00Z,2025-10-21T04:52:00Z,4.6,2025-10-21T04:52:00Z,4,1.122,5
Wasserstraße_Springorum_merged_export,2025-10-20T15:29:00Z,2025-10-20T15:29:00Z,4,2025-10-20T15:29:00Z,0,40,1
Wasserstraße_Springorum_merged_export,2025-10-20T14:38:00Z,2025-10-20T14:38:00Z,3.7,2025-10-20T14:38:00Z,0,37,1
Wasserstraße_Springorum_merged_export,2025-10-20T11:50:00Z,2025-10-20T11:54:00Z,2.4,2025-10-20T11:54:00Z,4,0.585,3
Wasserstraße_Springorum_merged_export,2025-10-20T09:06:00Z,2025-10-20T10:48:00Z,6.8,2025-10-20T10:32:00Z,102,0.079,88
Wasserstraße_Springorum_merged_export,2025-10-20T06:34:00Z,2025-10-20T08:29:00Z,6.5,2025-10-20T07:53:00Z,115,0.082,61
Wasserstraße_Springorum_merged_export,2025-10-19T22:43:00Z,2025-10-20T05:16:00Z,8.8,2025-10-20T03:50:00Z,393,0.029,390
Wasserstraße_Springorum_merged_export,2025-10-19T20:08:00Z,2025-10-19T20:08:00Z,4.5,2025-10-19T20:08:00Z,0,45,1
Wasserstraße_Springorum_merged_export,2025-10-19T14:06:00Z,2025-10-19T14:06:00Z,5,2025-10-19T14:06:00Z,0,50,1
Wasserstraße_Springorum_merged_export,2025-10-19T09:39:00Z,2025-10-19T09:39:00Z,4.4,2025-10-19T09:39:00Z,0,44,1
Wasserstraße_Springorum_merged_export,2025-10-18T12:25:00Z,2025-10-18T12:25:00Z,4.1,2025-10-18T12:25:00Z,0,41,1
Wasserstraße_Springorum_merged_export,2025-10-18T09:12:00Z,2025-10-18T09:12:00Z,1.9,2025-10-18T09:12:00Z,0,19,1
Wasserstraße_Springorum_merged_export,2025-10-18T04:16:00Z,2025-10-18T04:16:00Z,4.4,2025-10-18T04:16:00Z,0,44,1
Wasserstraße_Springorum_merged_export,2025-10-17T23:25:00Z,2025-10-17T23:25:00Z,5,2025-10-17T23:25:00Z,0,50,1
Wasserstraße_Springorum_merged_export,2025-10-17T13:30:00Z,2025-10-17T13:30:00Z,1.7,2025-10-17T13:30:00Z,0,17,1
Wasserstraße_Springorum_merged_export,2025-10-17T10:32:00Z,2025-10-17T10:32:00Z,3.2,2025-10-17T10:32:00Z,0,32,1
Wasserstraße_Springorum_merged_export,2025-10-17T03:57:00Z,2025-10-17T04:02:00Z,7.5,2025-10-17T04:00:00Z,5,2.419,6
Wasserstraße_Springorum_merged_export,2025-10-17T03:19:00Z,2025-10-17T03:35:00Z,7.2,2025-10-17T03:35:00Z,16,0.447,12
Herzogstraße_merged_export,2025-10-17T03:13:00Z,2025-10-17T03:13:00Z,1.8,2025-10-17T03:13:00Z,0,18,1
Herzogstraße_merged_export,2025-10-17T02:16:00Z,2025-10-17T02:31:00Z,2.2,2025-10-17T02:31:00Z,15,0.146,3
Wasserstraße_Springorum_merged_export,2025-10-17T02:09:00Z,2025-10-17T02:43:00Z,6.8,2025-10-17T02:33:00Z,34,0.282,21
Herzogstraße_merged_export,2025-10-17T01:03:00Z,2025-10-17T01:33:00Z,1.9,2025-10-17T01:13:00Z,30,0.188,8
Wasserstraße_Springorum_merged_export,2025-10-17T00:58:00Z,2025-10-17T01:03:00Z,6.2,2025-10-17T01:00:00Z,5,2.952,6
Wasserstraße_Springorum_merged_export,2025-10-16T21:05:00Z,2025-10-16T22:57:00Z,6.4,2025-10-16T21:25:00Z,112,0.318,58
Wasserstraße_Springorum_merged_export,2025-10-16T20:05:00Z,2025-10-16T20:10:00Z,6.3,2025-10-16T20:07:00Z,5,3,6
Wasserstraße_Springorum_merged_export,2025-10-16T19:04:00Z,2025-10-16T19:09:00Z,4.9,2025-10-16T19:04:00Z,5,49,6
Wasserstraße_Springorum_merged_export,2025-10-16T18:17:00Z,2025-10-16T18:21:00Z,4.5,2025-10-16T18:19:00Z,4,2.143,5
Herzogstraße_merged_export,2025-10-16T18:09:00Z,2025-10-17T00:42:00Z,3.8,2025-10-16T18:10:00Z,393,3.455,394
Wasserstraße_Springorum_merged_export,2025-10-16T16:28:00Z,2025-10-16T16:33:00Z,3.4,2025-10-16T16:33:00Z,5,0.667,6
Herzogstraße_merged_export,2025-10-16T16:21:00Z,2025-10-16T16:38:00Z,1.7,2025-10-16T16:23:00Z,17,0.81,3
Wasserstraße_Springorum_merged_export,2025-10-16T15:39:00Z,2025-10-16T15:44:00Z,5.4,2025-10-16T15:44:00Z,5,1.059,6
Herzogstraße_merged_export,2025-10-16T14:19:00Z,2025-10-16T15:53:00Z,2.3,2025-10-16T14:46:00Z,94,0.085,25
Wasserstraße_Springorum_merged_export,2025-10-16T14:12:00Z,2025-10-16T14:16:00Z,4.9,2025-10-16T14:14:00Z,4,2.333,5
Herzogstraße_merged_export,2025-10-16T12:33:00Z,2025-10-16T12:42:00Z,1.8,2025-10-16T12:42:00Z,9,0.198,4
Herzogstraße_merged_export,2025-10-16T10:42:00Z,2025-10-16T10:42:00Z,1.7,2025-10-16T10:42:00Z,0,17,1
Herzogstraße_merged_export,2025-10-16T10:16:00Z,2025-10-16T10:16:00Z,1.6,2025-10-16T10:16:00Z,0,16,1
Wasserstraße_Springorum_merged_export,2025-10-16T08:08:00Z,2025-10-16T08:12:00Z,2.9,2025-10-16T08:10:00Z,4,1.381,5
Wasserstraße_Springorum_merged_export,2025-10-16T06:55:00Z,2025-10-16T07:00:00Z,4.9,2025-10-16T06:59:00Z,5,1.195,6
Herzogstraße_merged_export,2025-10-16T04:49:00Z,2025-10-16T05:31:00Z,1.8,2025-10-16T04:51:00Z,42,0.857,19
Wasserstraße_Springorum_merged_export,2025-10-16T03:51:00Z,2025-10-16T03:56:00Z,6.9,2025-10-16T03:54:00Z,5,2.226,6
Wasserstraße_Springorum_merged_export,2025-10-16T02:28:00Z,2025-10-16T02:33:00Z,6.2,2025-10-16T02:29:00Z,5,5.636,6
Wasserstraße_Springorum_merged_export,2025-10-16T01:58:00Z,2025-10-16T02:02:00Z,6.3,2025-10-16T02:00:00Z,4,3,5
Wasserstraße_Springorum_merged_export,2025-10-16T00:59:00Z,2025-10-16T01:10:00Z,6.2,2025-10-16T00:59:00Z,11,62,11
Wasserstraße_Springorum_merged_export,2025-10-15T23:11:00Z,2025-10-15T23:11:00Z,4.8,2025-10-15T23:11:00Z,0,48,1
Herzogstraße_merged_export,2025-10-15T22:01:00Z,2025-10-15T22:05:00Z,2,2025-10-15T22:01:00Z,4,20,4
Wasserstraße_Springorum_merged_export,2025-10-15T21:02:00Z,2025-10-15T21:02:00Z,4.4,2025-10-15T21:02:00Z,0,44,1
Herzogstraße_merged_export,2025-10-15T00:00:00Z,2025-10-15T03:18:00Z,2,2025-10-15T00:00:00Z,198,20,199
Wasserstraße_Springorum_merged_export,2025-10-14T20:14:00Z,2025-10-15T06:12:00Z,7.5,2025-10-15T01:59:00Z,598,0.022,503
Wasserstraße_Springorum_merged_export,2025-10-14T15:23:00Z,2025-10-14T15:24:00Z,5.4,2025-10-14T15:24:00Z,1,4.909,2
Herzogstraße_merged_export,2025-10-14T14:39:00Z,2025-10-14T19:55:00Z,7.8,2025-10-14T17:39:00Z,316,0.043,317
Wasserstraße_Springorum_merged_export,2025-10-14T14:02:00Z,2025-10-14T14:02:00Z,2.1,2025-10-14T14:02:00Z,0,21,1
Wasserstraße_Springorum_merged_export,2025-10-14T13:27:00Z,2025-10-14T13:27:00Z,2.3,2025-10-14T13:27:00Z,0,23,1
Wasserstraße_Springorum_merged_export,2025-10-14T10:24:00Z,2025-10-14T10:24:00Z,2.6,2025-10-14T10:24:00Z,0,26,1
Herzogstraße_merged_export,2025-10-14T10:01:00Z,2025-10-14T12:26:00Z,16.6,2025-10-14T12:01:00Z,145,0.138,146
Wasserstraße_Springorum_merged_export,2025-10-14T09:01:00Z,2025-10-14T09:01:00Z,5.1,2025-10-14T09:01:00Z,0,51,1
Herzogstraße_merged_export,2025-10-14T08:25:00Z,2025-10-14T09:17:00Z,25.5,2025-10-14T08:25:00Z,52,255,51
Herzogstraße_merged_export,2025-10-14T05:41:00Z,2025-10-14T06:03:00Z,4.5,2025-10-14T05:41:00Z,22,45,23
Herzogstraße_merged_export,2025-10-14T04:47:00Z,2025-10-14T05:14:00Z,13.3,2025-10-14T04:47:00Z,27,133,28
Wasserstraße_Springorum_merged_export,2025-10-13T23:44:00Z,2025-10-13T23:44:00Z,4.5,2025-10-13T23:44:00Z,0,45,1
Herzogstraße_merged_export,2025-10-13T15:44:00Z,2025-10-13T15:54:00Z,5.7,2025-10-13T15:44:00Z,10,57,11
Herzogstraße_merged_export,2025-10-13T14:16:00Z,2025-10-13T14:20:00Z,19.8,2025-10-13T14:16:00Z,4,198,5
Wasserstraße_Springorum_merged_export,2025-10-13T12:00:00Z,2025-10-13T12:00:00Z,2.3,2025-10-13T12:00:00Z,0,23,1
Herzogstraße_merged_export,2025-10-13T10:01:00Z,2025-10-13T10:13:00Z,6,2025-10-13T10:01:00Z,12,60,13
Wasserstraße_Springorum_merged_export,2025-10-13T08:34:00Z,2025-10-13T08:34:00Z,3.2,2025-10-13T08:34:00Z,0,32,1
Herzogstraße_merged_export,2025-10-13T06:24:00Z,2025-10-13T07:26:00Z,18.1,2025-10-13T06:24:00Z,62,181,63
Wasserstraße_Springorum_merged_export,2025-10-13T05:56:00Z,2025-10-13T05:59:00Z,2,2025-10-13T05:56:00Z,3,20,3
Herzogstraße_merged_export,2025-10-13T05:15:00Z,2025-10-13T05:26:00Z,5.9,2025-10-13T05:15:00Z,11,59,12
Wasserstraße_Springorum_merged_export,2025-10-13T04:53:00Z,2025-10-13T05:19:00Z,5.5,2025-10-13T04:53:00Z,26,55,17
Wasserstraße_Springorum_merged_export,2025-10-13T04:16:00Z,2025-10-13T04:21:00Z,4.4,2025-10-13T04:19:00Z,5,1.419,6
Wasserstraße_Springorum_merged_export,2025-10-12T15:41:00Z,2025-10-12T15:41:00Z,1.8,2025-10-12T15:41:00Z,0,18,1
Wasserstraße_Springorum_merged_export,2025-10-12T14:43:00Z,2025-10-12T14:43:00Z,2,2025-10-12T14:43:00Z,0,20,1
Herzogstraße_merged_export,2025-10-12T12:27:00Z,2025-10-12T19:21:00Z,18.5,2025-10-12T12:27:00Z,414,185,415
Herzogstraße_merged_export,2025-10-12T09:10:00Z,2025-10-12T10:18:00Z,22.9,2025-10-12T09:10:00Z,68,229,69
Wasserstraße_Springorum_merged_export,2025-10-12T09:07:00Z,2025-10-12T09:07:00Z,4.2,2025-10-12T09:07:00Z,0,42,1
Wasserstraße_Springorum_merged_export,2025-10-12T07:19:00Z,2025-10-12T07:19:00Z,5,2025-10-12T07:19:00Z,0,50,1
Wasserstraße_Springorum_merged_export,2025-10-12T06:31:00Z,2025-10-12T06:31:00Z,4.7,2025-10-12T06:31:00Z,0,47,1
Wasserstraße_Springorum_merged_export,2025-10-11T20:06:00Z,2025-10-11T20:06:00Z,1.9,2025-10-11T20:06:00Z,0,19,1
Wasserstraße_Springorum_merged_export,2025-10-11T18:00:00Z,2025-10-11T18:00:00Z,4.5,2025-10-11T18:00:00Z,0,45,1
Wasserstraße_Springorum_merged_export,2025-10-11T16:58:00Z,2025-10-11T16:58:00Z,3.1,2025-10-11T16:58:00Z,0,31,1
Wasserstraße_Springorum_merged_export,2025-10-11T14:39:00Z,2025-10-11T14:39:00Z,1.7,2025-10-11T14:39:00Z,0,17,1
Herzogstraße_merged_export,2025-10-11T14:03:00Z,2025-10-11T17:33:00Z,4.9,2025-10-11T14:19:00Z,210,0.304,211
Wasserstraße_Springorum_merged_export,2025-10-11T12:47:00Z,2025-10-11T12:47:00Z,1.6,2025-10-11T12:47:00Z,0,16,1
Herzogstraße_merged_export,2025-10-11T11:52:00Z,2025-10-11T13:00:00Z,6.7,2025-10-11T11:52:00Z,68,67,69
Herzogstraße_merged_export,2025-10-11T09:13:00Z,2025-10-11T11:01:00Z,20,2025-10-11T09:13:00Z,108,200,109
Herzogstraße_merged_export,2025-10-10T21:14:00Z,2025-10-11T06:04:00Z,2.5,2025-10-10T21:14:00Z,530,25,531
Herzogstraße_merged_export,2025-10-10T14:05:00Z,2025-10-10T14:47:00Z,7.9,2025-10-10T14:05:00Z,42,79,43
Herzogstraße_merged_export,2025-10-10T13:10:00Z,2025-10-10T13:39:00Z,21.8,2025-10-10T13:10:00Z,29,218,30
Herzogstraße_merged_export,2025-10-10T10:33:00Z,2025-10-10T12:15:00Z,12.8,2025-10-10T11:09:00Z,102,0.355,103
Wasserstraße_Springorum_merged_export,2025-10-10T10:11:00Z,2025-10-10T10:11:00Z,2.9,2025-10-10T10:11:00Z,0,29,1
Herzogstraße_merged_export,2025-10-10T08:58:00Z,2025-10-10T09:16:00Z,17.9,2025-10-10T08:58:00Z,18,179,19
Wasserstraße_Springorum_merged_export,2025-10-10T07:49:00Z,2025-10-10T07:49:00Z,5.2,2025-10-10T07:49:00Z,0,52,1
Herzogstraße_merged_export,2025-10-10T07:41:00Z,2025-10-10T07:56:00Z,8.2,2025-10-10T07:41:00Z,15,82,16
Herzogstraße_merged_export,2025-10-10T05:39:00Z,2025-10-10T06:09:00Z,9.5,2025-10-10T05:49:00Z,30,0.941,31
Wasserstraße_Springorum_merged_export,2025-10-10T04:52:00Z,2025-10-10T05:10:00Z,5,2025-10-10T04:52:00Z,18,50,2
Wasserstraße_Springorum_merged_export,2025-10-09T21:43:00Z,2025-10-09T21:43:00Z,5.2,2025-10-09T21:43:00Z,0,52,1
Wasserstraße_Springorum_merged_export,2025-10-09T17:33:00Z,2025-10-09T17:33:00Z,4.9,2025-10-09T17:33:00Z,0,49,1
Herzogstraße_merged_export,2025-10-09T17:19:00Z,2025-10-09T21:18:00Z,7.5,2025-10-09T17:19:00Z,239,75,240
Wasserstraße_Springorum_merged_export,2025-10-09T14:51:00Z,2025-10-09T14:51:00Z,1.6,2025-10-09T14:51:00Z,0,16,1
Wasserstraße_Springorum_merged_export,2025-10-09T14:24:00Z,2025-10-09T14:24:00Z,4.3,2025-10-09T14:24:00Z,0,43,1
Herzogstraße_merged_export,2025-10-09T14:16:00Z,2025-10-09T15:49:00Z,13.6,2025-10-09T14:16:00Z,93,136,94
Herzogstraße_merged_export,2025-10-09T11:27:00Z,2025-10-09T11:41:00Z,14.8,2025-10-09T11:27:00Z,14,148,15
Wasserstraße_Springorum_merged_export,2025-10-09T08:58:00Z,2025-10-09T09:13:00Z,4.5,2025-10-09T09:01:00Z,15,1.452,9
Wasserstraße_Springorum_merged_export,2025-10-09T07:40:00Z,2025-10-09T07:45:00Z,3.8,2025-10-09T07:45:00Z,5,0.745,6
Herzogstraße_merged_export,2025-10-09T05:53:00Z,2025-10-09T05:54:00Z,7.6,2025-10-09T05:53:00Z,1,76,2
Wasserstraße_Springorum_merged_export,2025-10-09T05:47:00Z,2025-10-09T05:52:00Z,5.7,2025-10-09T05:51:00Z,5,1.39,6
Wasserstraße_Springorum_merged_export,2025-10-09T01:37:00Z,2025-10-09T01:37:00Z,4.9,2025-10-09T01:37:00Z,0,49,1
Herzogstraße_merged_export,2025-10-08T18:03:00Z,2025-10-09T01:18:00Z,16.3,2025-10-08T18:11:00Z,435,2.012,436
Herzogstraße_merged_export,2025-10-08T15:27:00Z,2025-10-08T15:36:00Z,19.6,2025-10-08T15:27:00Z,9,196,10
Herzogstraße_merged_export,2025-10-08T12:11:00Z,2025-10-08T14:27:00Z,29.2,2025-10-08T12:47:00Z,136,0.809,134
Wasserstraße_Springorum_merged_export,2025-10-08T11:19:00Z,2025-10-08T11:37:00Z,3.3,2025-10-08T11:33:00Z,18,0.234,9
Wasserstraße_Springorum_merged_export,2025-10-08T10:50:00Z,2025-10-08T10:55:00Z,5.5,2025-10-08T10:50:00Z,5,55,6
Herzogstraße_merged_export,2025-10-08T10:25:00Z,2025-10-08T10:30:00Z,18.1,2025-10-08T10:25:00Z,5,181,6
Wasserstraße_Springorum_merged_export,2025-10-08T10:23:00Z,2025-10-08T10:28:00Z,5.8,2025-10-08T10:23:00Z,5,58,6
Wasserstraße_Springorum_merged_export,2025-10-08T09:54:00Z,2025-10-08T09:59:00Z,2.8,2025-10-08T09:56:00Z,5,1.333,6
Herzogstraße_merged_export,2025-10-08T06:40:00Z,2025-10-08T08:23:00Z,19.7,2025-10-08T07:22:00Z,103,0.468,104
Wasserstraße_Springorum_merged_export,2025-10-08T06:36:00Z,2025-10-08T06:36:00Z,2.8,2025-10-08T06:36:00Z,0,28,1
Herzogstraße_merged_export,2025-10-08T05:53:00Z,2025-10-08T06:09:00Z,8.1,2025-10-08T05:55:00Z,16,3.857,17
Wasserstraße_Springorum_merged_export,2025-10-08T05:40:00Z,2025-10-08T05:40:00Z,1.6,2025-10-08T05:40:00Z,0,16,1
Herzogstraße_merged_export,2025-10-08T00:00:00Z,2025-10-08T03:58:00Z,3.5,2025-10-08T00:00:00Z,238,35,239
Wasserstraße_Springorum_merged_export,2025-10-07T12:42:00Z,2025-10-07T12:42:00Z,1.7,2025-10-07T12:42:00Z,0,17,1
Wasserstraße_Springorum_merged_export,2025-10-07T11:36:00Z,2025-10-07T11:36:00Z,1.6,2025-10-07T11:36:00Z,0,16,1
Wasserstraße_Springorum_merged_export,2025-10-07T09:19:00Z,2025-10-07T09:19:00Z,3.7,2025-10-07T09:19:00Z,0,37,1
Herzogstraße_merged_export,2025-10-07T09:07:00Z,2025-10-07T14:29:00Z,2.7,2025-10-07T10:55:00Z,322,0.025,247
Herzogstraße_merged_export,2025-10-07T08:06:00Z,2025-10-07T08:06:00Z,1.7,2025-10-07T08:06:00Z,0,17,1
Wasserstraße_Springorum_merged_export,2025-10-07T06:49:00Z,2025-10-07T06:53:00Z,6.1,2025-10-07T06:49:00Z,4,61,5
Wasserstraße_Springorum_merged_export,2025-10-07T06:18:00Z,2025-10-07T06:22:00Z,3.7,2025-10-07T06:21:00Z,4,1.194,5
Wasserstraße_Springorum_merged_export,2025-10-07T05:29:00Z,2025-10-07T05:33:00Z,6.2,2025-10-07T05:32:00Z,4,2,5
Wasserstraße_Springorum_merged_export,2025-10-07T04:33:00Z,2025-10-07T04:38:00Z,4.9,2025-10-07T04:36:00Z,5,1.581,6
Wasserstraße_Springorum_merged_export,2025-10-07T04:02:00Z,2025-10-07T04:06:00Z,4.1,2025-10-07T04:06:00Z,4,1,5
Herzogstraße_merged_export,2025-10-07T03:58:00Z,2025-10-07T05:59:00Z,4.3,2025-10-07T04:00:00Z,121,2.048,84
Wasserstraße_Springorum_merged_export,2025-10-07T02:05:00Z,2025-10-07T02:10:00Z,5.7,2025-10-07T02:09:00Z,5,1.39,6
Wasserstraße_Springorum_merged_export,2025-10-07T00:44:00Z,2025-10-07T00:49:00Z,5.8,2025-10-07T00:48:00Z,5,1.415,6
Herzogstraße_merged_export,2025-10-06T16:13:00Z,2025-10-06T18:06:00Z,3.9,2025-10-06T17:48:00Z,113,0.041,100
Herzogstraße_merged_export,2025-10-06T15:39:00Z,2025-10-06T15:48:00Z,2.3,2025-10-06T15:39:00Z,9,23,3
Herzogstraße_merged_export,2025-10-06T14:54:00Z,2025-10-06T15:10:00Z,2.1,2025-10-06T15:10:00Z,16,0.13,4
Herzogstraße_merged_export,2025-10-06T14:21:00Z,2025-10-06T14:21:00Z,1.6,2025-10-06T14:21:00Z,0,16,1
Herzogstraße_merged_export,2025-10-06T13:54:00Z,2025-10-06T13:54:00Z,1.6,2025-10-06T13:54:00Z,0,16,1
Wasserstraße_Springorum_merged_export,2025-10-06T12:40:00Z,2025-10-06T12:44:00Z,2.6,2025-10-06T12:44:00Z,4,0.634,4
Wasserstraße_Springorum_merged_export,2025-10-06T12:14:00Z,2025-10-06T12:16:00Z,6.6,2025-10-06T12:14:00Z,2,66,3
Herzogstraße_merged_export,2025-10-06T11:51:00Z,2025-10-06T12:37:00Z,2.6,2025-10-06T12:13:00Z,46,0.118,12
Wasserstraße_Springorum_merged_export,2025-10-06T11:24:00Z,2025-10-06T11:50:00Z,7.6,2025-10-06T11:46:00Z,26,0.344,11
Herzogstraße_merged_export,2025-10-06T11:10:00Z,2025-10-06T11:10:00Z,1.6,2025-10-06T11:10:00Z,0,16,1
Wasserstraße_Springorum_merged_export,2025-10-06T09:36:00Z,2025-10-06T09:41:00Z,4.6,2025-10-06T09:36:00Z,5,46,6
Herzogstraße_merged_export,2025-10-06T09:20:00Z,2025-10-06T09:20:00Z,1.9,2025-10-06T09:20:00Z,0,19,1
Herzogstraße_merged_export,2025-10-06T07:42:00Z,2025-10-06T07:48:00Z,2.3,2025-10-06T07:42:00Z,6,23,5
Wasserstraße_Springorum_merged_export,2025-10-06T07:08:00Z,2025-10-06T07:08:00Z,4.8,2025-10-06T07:08:00Z,0,48,1
Wasserstraße_Springorum_merged_export,2025-10-05T20:32:00Z,2025-10-05T23:05:00Z,8.6,2025-10-05T22:34:00Z,153,0.07,90
Wasserstraße_Springorum_merged_export,2025-10-05T19:28:00Z,2025-10-05T20:10:00Z,6,2025-10-05T19:42:00Z,42,0.426,31
Wasserstraße_Springorum_merged_export,2025-10-05T18:43:00Z,2025-10-05T18:48:00Z,5.3,2025-10-05T18:43:00Z,5,53,6
Wasserstraße_Springorum_merged_export,2025-10-05T17:43:00Z,2025-10-05T17:47:00Z,4.9,2025-10-05T17:44:00Z,4,4.455,5
Herzogstraße_merged_export,2025-10-05T15:50:00Z,2025-10-05T15:53:00Z,2.8,2025-10-05T15:51:00Z,3,2.545,4
Wasserstraße_Springorum_merged_export,2025-10-05T15:11:00Z,2025-10-05T15:43:00Z,5.2,2025-10-05T15:16:00Z,32,1.02,18
Herzogstraße_merged_export,2025-10-05T14:54:00Z,2025-10-05T15:29:00Z,1.7,2025-10-05T14:54:00Z,35,17,36
Herzogstraße_merged_export,2025-10-05T14:10:00Z,2025-10-05T14:12:00Z,3.9,2025-10-05T14:10:00Z,2,39,3
Herzogstraße_merged_export,2025-10-05T12:20:00Z,2025-10-05T12:54:00Z,3.4,2025-10-05T12:33:00Z,34,0.26,35
Herzogstraße_merged_export,2025-10-05T11:58:00Z,2025-10-05T11:59:00Z,3.7,2025-10-05T11:59:00Z,1,3.364,2
Wasserstraße_Springorum_merged_export,2025-10-05T11:15:00Z,2025-10-05T11:21:00Z,5.6,2025-10-05T11:20:00Z,6,1.098,7
Wasserstraße_Springorum_merged_export,2025-10-05T09:38:00Z,2025-10-05T09:38:00Z,3,2025-10-05T09:38:00Z,0,30,1
Herzogstraße_merged_export,2025-10-05T08:19:00Z,2025-10-05T10:59:00Z,6.2,2025-10-05T09:42:00Z,160,0.075,143
Wasserstraße_Springorum_merged_export,2025-10-05T07:28:00Z,2025-10-05T09:16:00Z,7,2025-10-05T09:10:00Z,108,0.069,70
Herzogstraße_merged_export,2025-10-05T00:25:00Z,2025-10-05T06:31:00Z,4.7,2025-10-05T01:33:00Z,366,0.069,365
Herzogstraße_merged_export,2025-10-04T20:52:00Z,2025-10-04T20:52:00Z,4.3,2025-10-04T20:52:00Z,0,43,1
Wasserstraße_Springorum_merged_export,2025-10-04T20:46:00Z,2025-10-04T20:56:00Z,1.9,2025-10-04T20:56:00Z,10,0.188,3
Herzogstraße_merged_export,2025-10-04T18:53:00Z,2025-10-04T20:21:00Z,2.4,2025-10-04T19:01:00Z,88,0.296,85
Herzogstraße_merged_export,2025-10-04T18:30:00Z,2025-10-04T18:32:00Z,1.8,2025-10-04T18:30:00Z,2,18,2
Herzogstraße_merged_export,2025-10-04T12:46:00Z,2025-10-04T14:36:00Z,3.1,2025-10-04T13:22:00Z,110,0.086,110
Herzogstraße_merged_export,2025-10-04T12:05:00Z,2025-10-04T12:07:00Z,2.1,2025-10-04T12:06:00Z,2,1.909,3
Herzogstraße_merged_export,2025-10-04T10:27:00Z,2025-10-04T10:35:00Z,2.1,2025-10-04T10:35:00Z,8,0.259,3
Herzogstraße_merged_export,2025-10-04T09:59:00Z,2025-10-04T09:59:00Z,1.7,2025-10-04T09:59:00Z,0,17,1
Herzogstraße_merged_export,2025-10-04T09:15:00Z,2025-10-04T09:15:00Z,1.6,2025-10-04T09:15:00Z,0,16,1
Herzogstraße_merged_export,2025-10-04T07:07:00Z,2025-10-04T08:51:00Z,2.2,2025-10-04T07:38:00Z,104,0.071,31
Wasserstraße_Springorum_merged_export,2025-10-04T05:41:00Z,2025-10-04T05:53:00Z,1.7,2025-10-04T05:41:00Z,12,17,5
Wasserstraße_Springorum_merged_export,2025-10-04T05:09:00Z,2025-10-04T05:09:00Z,1.6,2025-10-04T05:09:00Z,0,16,1
Wasserstraße_Springorum_merged_export,2025-10-04T04:39:00Z,2025-10-04T04:39:00Z,1.6,2025-10-04T04:39:00Z,0,16,1
Wasserstraße_Springorum_merged_export,2025-10-04T02:37:00Z,2025-10-04T04:04:00Z,2.3,2025-10-04T03:46:00Z,87,0.033,25
Wasserstraße_Springorum_merged_export,2025-10-04T01:55:00Z,2025-10-04T02:11:00Z,1.8,2025-10-04T02:11:00Z,16,0.112,3
Wasserstraße_Springorum_merged_export,2025-10-04T01:26:00Z,2025-10-04T01:28:00Z,2.8,2025-10-04T01:26:00Z,2,28,3
Wasserstraße_Springorum_merged_export,2025-10-04T00:40:00Z,2025-10-04T00:45:00Z,4.8,2025-10-04T00:40:00Z,5,48,6
Herzogstraße_merged_export,2025-10-03T21:15:00Z,2025-10-03T21:41:00Z,2.3,2025-10-03T21:16:00Z,26,2.091,27
Wasserstraße_Springorum_merged_export,2025-10-03T20:16:00Z,2025-10-03T20:16:00Z,5.3,2025-10-03T20:16:00Z,0,53,1
Wasserstraße_Springorum_merged_export,2025-10-03T14:22:00Z,2025-10-03T14:22:00Z,4.4,2025-10-03T14:22:00Z,0,44,1
Wasserstraße_Springorum_merged_export,2025-10-03T07:38:00Z,2025-10-03T07:38:00Z,4.4,2025-10-03T07:38:00Z,0,44,1
Wasserstraße_Springorum_merged_export,2025-10-03T03:23:00Z,2025-10-03T03:23:00Z,4.7,2025-10-03T03:23:00Z,0,47,1
Wasserstraße_Springorum_merged_export,2025-10-03T02:50:00Z,2025-10-03T02:51:00Z,5,2025-10-03T02:50:00Z,1,50,2
Wasserstraße_Springorum_merged_export,2025-10-02T23:06:00Z,2025-10-02T23:06:00Z,4.3,2025-10-02T23:06:00Z,0,43,1
Wasserstraße_Springorum_merged_export,2025-10-02T20:33:00Z,2025-10-02T20:33:00Z,4.6,2025-10-02T20:33:00Z,0,46,1
Wasserstraße_Springorum_merged_export,2025-10-02T17:07:00Z,2025-10-02T17:07:00Z,5,2025-10-02T17:07:00Z,0,50,1
Wasserstraße_Springorum_merged_export,2025-10-02T11:22:00Z,2025-10-02T11:22:00Z,4.6,2025-10-02T11:22:00Z,0,46,1
Wasserstraße_Springorum_merged_export,2025-10-02T02:18:00Z,2025-10-02T02:38:00Z,4.3,2025-10-02T02:38:00Z,20,0.214,2
Wasserstraße_Springorum_merged_export,2025-10-01T21:14:00Z,2025-10-01T21:15:00Z,6,2025-10-01T21:14:00Z,1,60,2
Wasserstraße_Springorum_merged_export,2025-10-01T20:05:00Z,2025-10-01T20:05:00Z,5,2025-10-01T20:05:00Z,0,50,1
Wasserstraße_Springorum_merged_export,2025-10-01T17:03:00Z,2025-10-01T17:03:00Z,1.8,2025-10-01T17:03:00Z,0,18,1
Wasserstraße_Springorum_merged_export,2025-10-01T16:18:00Z,2025-10-01T16:18:00Z,3.4,2025-10-01T16:18:00Z,0,34,1
Wasserstraße_Springorum_merged_export,2025-10-01T15:28:00Z,2025-10-01T15:40:00Z,4.9,2025-10-01T15:40:00Z,12,0.405,2
Wasserstraße_Springorum_merged_export,2025-10-01T14:10:00Z,2025-10-01T14:10:00Z,2.1,2025-10-01T14:10:00Z,0,21,1
Wasserstraße_Springorum_merged_export,2025-10-01T12:39:00Z,2025-10-01T12:39:00Z,3,2025-10-01T12:39:00Z,0,30,1
Wasserstraße_Springorum_merged_export,2025-10-01T10:17:00Z,2025-10-01T10:35:00Z,4.4,2025-10-01T10:17:00Z,18,44,2
Wasserstraße_Springorum_merged_export,2025-10-01T07:25:00Z,2025-10-01T07:25:00Z,2.3,2025-10-01T07:25:00Z,0,23,1
Wasserstraße_Springorum_merged_export,2025-10-01T03:23:00Z,2025-10-01T03:23:00Z,5.1,2025-10-01T03:23:00Z,0,51,1
Wasserstraße_Springorum_merged_export,2025-09-30T22:27:00Z,2025-09-30T22:27:00Z,3.8,2025-09-30T22:27:00Z,0,38,1
Wasserstraße_Springorum_merged_export,2025-09-30T17:44:00Z,2025-09-30T17:44:00Z,4.3,2025-09-30T17:44:00Z,0,43,1
Wasserstraße_Springorum_merged_export,2025-09-30T15:19:00Z,2025-09-30T15:19:00Z,4.7,2025-09-30T15:19:00Z,0,47,1
Herzogstraße_merged_export,2025-09-30T14:05:00Z,2025-09-30T20:24:00Z,19.2,2025-09-30T14:49:00Z,379,0.435,380
Wasserstraße_Springorum_merged_export,2025-09-30T13:33:00Z,2025-09-30T13:33:00Z,1.9,2025-09-30T13:33:00Z,0,19,1
Wasserstraße_Springorum_merged_export,2025-09-30T11:10:00Z,2025-09-30T11:10:00Z,5,2025-09-30T11:10:00Z,0,50,1
Wasserstraße_Springorum_merged_export,2025-09-30T10:45:00Z,2025-09-30T10:45:00Z,2.1,2025-09-30T10:45:00Z,0,21,1
Wasserstraße_Springorum_merged_export,2025-09-30T08:27:00Z,2025-09-30T08:27:00Z,4.6,2025-09-30T08:27:00Z,0,46,1
Herzogstraße_merged_export,2025-09-30T08:00:00Z,2025-09-30T08:00:00Z,9.4,2025-09-30T08:00:00Z,0,94,1
Herzogstraße_merged_export,2025-09-30T07:00:00Z,2025-09-30T07:00:00Z,9.4,2025-09-30T07:00:00Z,0,94,1
Wasserstraße_Springorum_merged_export,2025-09-30T06:48:00Z,2025-09-30T06:49:00Z,6,2025-09-30T06:49:00Z,1,5.455,2
Herzogstraße_merged_export,2025-09-30T06:00:00Z,2025-09-30T06:00:00Z,9.4,2025-09-30T06:00:00Z,0,94,1
Wasserstraße_Springorum_merged_export,2025-09-30T05:42:00Z,2025-09-30T05:42:00Z,3,2025-09-30T05:42:00Z,0,30,1
Wasserstraße_Springorum_merged_export,2025-09-30T05:18:00Z,2025-09-30T05:18:00Z,1.7,2025-09-30T05:18:00Z,0,17,1
Herzogstraße_merged_export,2025-09-30T05:00:00Z,2025-09-30T05:00:00Z,9.4,2025-09-30T05:00:00Z,0,94,1
Herzogstraße_merged_export,2025-09-30T04:00:00Z,2025-09-30T04:00:00Z,9.4,2025-09-30T04:00:00Z,0,94,1
Herzogstraße_merged_export,2025-09-30T03:00:00Z,2025-09-30T03:00:00Z,9.4,2025-09-30T03:00:00Z,0,94,1
Herzogstraße_merged_export,2025-09-30T02:00:00Z,2025-09-30T02:00:00Z,9.4,2025-09-30T02:00:00Z,0,94,1
Herzogstraße_merged_export,2025-09-30T01:00:00Z,2025-09-30T01:00:00Z,9.4,2025-09-30T01:00:00Z,0,94,1
Wasserstraße_Springorum_merged_export,2025-09-30T00:58:00Z,2025-09-30T00:58:00Z,4.5,2025-09-30T00:58:00Z,0,45,1
Herzogstraße_merged_export,2025-09-30T00:00:00Z,2025-09-30T00:00:00Z,9.4,2025-09-30T00:00:00Z,0,94,1
Herzogstraße_merged_export,2025-09-29T23:00:00Z,2025-09-29T23:00:00Z,9.4,2025-09-29T23:00:00Z,0,94,1
Herzogstraße_merged_export,2025-09-29T22:00:00Z,2025-09-29T22:00:00Z,9.4,2025-09-29T22:00:00Z,0,94,1
Herzogstraße_merged_export,2025-09-29T21:00:00Z,2025-09-29T21:00:00Z,9.4,2025-09-29T21:00:00Z,0,94,1
Herzogstraße_merged_export,2025-09-29T20:00:00Z,2025-09-29T20:00:00Z,9.4,2025-09-29T20:00:00Z,0,94,1
Wasserstraße_Springorum_merged_export,2025-09-29T19:49:00Z,2025-09-29T19:49:00Z,4.9,2025-09-29T19:49:00Z,0,49,1
Herzogstraße_merged_export,2025-09-29T19:00:00Z,2025-09-29T19:00:00Z,9.4,2025-09-29T19:00:00Z,0,94,1
Herzogstraße_merged_export,2025-09-29T18:00:00Z,2025-09-29T18:00:00Z,9.4,2025-09-29T18:00:00Z,0,94,1
Herzogstraße_merged_export,2025-09-29T17:00:00Z,2025-09-29T17:00:00Z,9.4,2025-09-29T17:00:00Z,0,94,1
Wasserstraße_Springorum_merged_export,2025-09-29T16:17:00Z,2025-09-29T16:17:00Z,2.1,2025-09-29T16:17:00Z,0,21,1
Herzogstraße_merged_export,2025-09-29T16:00:00Z,2025-09-29T16:00:00Z,9.4,2025-09-29T16:00:00Z,0,94,1
Herzogstraße_merged_export,2025-09-29T15:00:00Z,2025-09-29T15:00:00Z,9.4,2025-09-29T15:00:00Z,0,94,1
Herzogstraße_merged_export,2025-09-29T14:00:00Z,2025-09-29T14:00:00Z,9.4,2025-09-29T14:00:00Z,0,94,1
Wasserstraße_Springorum_merged_export,2025-09-29T13:18:00Z,2025-09-29T13:18:00Z,2.2,2025-09-29T13:18:00Z,0,22,1
Herzogstraße_merged_export,2025-09-29T13:00:00Z,2025-09-29T13:00:00Z,9.4,2025-09-29T13:00:00Z,0,94,1
Wasserstraße_Springorum_merged_export,2025-09-29T12:30:00Z,2025-09-29T12:30:00Z,1.9,2025-09-29T12:30:00Z,0,19,1
Herzogstraße_merged_export,2025-09-29T12:00:00Z,2025-09-29T12:00:00Z,9.4,2025-09-29T12:00:00Z,0,94,1
Wasserstraße_Springorum_merged_export,2025-09-29T11:16:00Z,2025-09-29T11:16:00Z,5.3,2025-09-29T11:16:00Z,0,53,1
Herzogstraße_merged_export,2025-09-29T11:00:00Z,2025-09-29T11:00:00Z,9.4,2025-09-29T11:00:00Z,0,94,1
Wasserstraße_Springorum_merged_export,2025-09-29T10:31:00Z,2025-09-29T10:31:00Z,4,2025-09-29T10:31:00Z,0,40,1
Herzogstraße_merged_export,2025-09-29T10:00:00Z,2025-09-29T10:00:00Z,9.4,2025-09-29T10:00:00Z,0,94,1
Herzogstraße_merged_export,2025-09-29T09:00:00Z,2025-09-29T09:00:00Z,9.4,2025-09-29T09:00:00Z,0,94,1
Wasserstraße_Springorum_merged_export,2025-09-29T08:42:00Z,2025-09-29T08:42:00Z,1.9,2025-09-29T08:42:00Z,0,19,1
An_der_Kost_merged_export,2025-09-29T08:03:00Z,2025-09-29T08:03:00Z,2.4,2025-09-29T08:03:00Z,0,24,1
Herzogstraße_merged_export,2025-09-29T08:00:00Z,2025-09-29T08:00:00Z,9.4,2025-09-29T08:00:00Z,0,94,1
Wasserstraße_Springorum_merged_export,2025-09-29T07:45:00Z,2025-09-29T07:45:00Z,4.3,2025-09-29T07:45:00Z,0,43,1
Herzogstraße_merged_export,2025-09-29T07:00:00Z,2025-09-29T07:00:00Z,9.4,2025-09-29T07:00:00Z,0,94,1
Herzogstraße_merged_export,2025-09-29T06:00:00Z,2025-09-29T06:00:00Z,9.4,2025-09-29T06:00:00Z,0,94,1
Herzogstraße_merged_export,2025-09-29T05:00:00Z,2025-09-29T05:00:00Z,9.4,2025-09-29T05:00:00Z,0,94,1
Herzogstraße_merged_export,2025-09-29T04:00:00Z,2025-09-29T04:00:00Z,9.4,2025-09-29T04:00:00Z,0,94,1
Herzogstraße_merged_export,2025-09-29T03:00:00Z,2025-09-29T03:00:00Z,9.4,2025-09-29T03:00:00Z,0,94,1
Herzogstraße_merged_export,2025-09-29T02:00:00Z,2025-09-29T02:00:00Z,9.4,2025-09-29T02:00:00Z,0,94,1
Herzogstraße_merged_export,2025-09-29T01:00:00Z,2025-09-29T01:00:00Z,9.4,2025-09-29T01:00:00Z,0,94,1
Wasserstraße_Springorum_merged_export,2025-09-29T01:00:00Z,2025-09-29T01:00:00Z,4.4,2025-09-29T01:00:00Z,0,44,1
Herzogstraße_merged_export,2025-09-29T00:00:00Z,2025-09-29T00:00:00Z,9.4,2025-09-29T00:00:00Z,0,94,1
Wasserstraße_Springorum_merged_export,2025-09-28T14:19:00Z,2025-09-28T14:19:00Z,4.6,2025-09-28T14:19:00Z,0,46,1
Wasserstraße_Springorum_merged_export,2025-09-28T11:54:00Z,2025-09-28T11:54:00Z,3.5,2025-09-28T11:54:00Z,0,35,1
Wasserstraße_Springorum_merged_export,2025-09-28T09:42:00Z,2025-09-28T10:15:00Z,4.3,2025-09-28T09:57:00Z,33,0.285,3
Wasserstraße_Springorum_merged_export,2025-09-28T09:03:00Z,2025-09-28T09:03:00Z,4.3,2025-09-28T09:03:00Z,0,43,1
Wasserstraße_Springorum_merged_export,2025-09-28T07:39:00Z,2025-09-28T07:39:00Z,4.6,2025-09-28T07:39:00Z,0,46,1
Wasserstraße_Springorum_merged_export,2025-09-28T07:02:00Z,2025-09-28T07:02:00Z,5,2025-09-28T07:02:00Z,0,50,1
Wasserstraße_Springorum_merged_export,2025-09-27T12:30:00Z,2025-09-27T12:30:00Z,1.6,2025-09-27T12:30:00Z,0,16,1
Wasserstraße_Springorum_merged_export,2025-09-27T01:26:00Z,2025-09-27T03:42:00Z,7.1,2025-09-27T02:06:00Z,136,0.177,99
Wasserstraße_Springorum_merged_export,2025-09-27T00:13:00Z,2025-09-27T01:05:00Z,6.3,2025-09-27T00:16:00Z,52,2.032,40
Wasserstraße_Springorum_merged_export,2025-09-26T23:39:00Z,2025-09-26T23:52:00Z,5.8,2025-09-26T23:39:00Z,13,58,12
Wasserstraße_Springorum_merged_export,2025-09-26T22:35:00Z,2025-09-26T23:12:00Z,5.6,2025-09-26T23:08:00Z,37,0.169,17
Wasserstraße_Springorum_merged_export,2025-09-26T21:50:00Z,2025-09-26T21:55:00Z,4.1,2025-09-26T21:50:00Z,5,41,6
Wasserstraße_Springorum_merged_export,2025-09-26T21:19:00Z,2025-09-26T21:24:00Z,4.4,2025-09-26T21:22:00Z,5,1.419,6
Wasserstraße_Springorum_merged_export,2025-09-26T17:41:00Z,2025-09-26T17:41:00Z,4.5,2025-09-26T17:41:00Z,0,45,1
Wasserstraße_Springorum_merged_export,2025-09-26T13:12:00Z,2025-09-26T13:12:00Z,5.1,2025-09-26T13:12:00Z,0,51,1
Wasserstraße_Springorum_merged_export,2025-09-26T12:36:00Z,2025-09-26T12:36:00Z,2,2025-09-26T12:36:00Z,0,20,1
Wasserstraße_Springorum_merged_export,2025-09-26T10:30:00Z,2025-09-26T10:52:00Z,2.7,2025-09-26T10:52:00Z,22,0.122,3
Wasserstraße_Springorum_merged_export,2025-09-25T17:37:00Z,2025-09-25T22:15:00Z,7.6,2025-09-25T22:11:00Z,278,0.028,226
Wasserstraße_Springorum_merged_export,2025-09-25T10:28:00Z,2025-09-25T10:28:00Z,4.6,2025-09-25T10:28:00Z,0,46,1
Wasserstraße_Springorum_merged_export,2025-09-25T06:47:00Z,2025-09-25T06:47:00Z,1.7,2025-09-25T06:47:00Z,0,17,1
Wasserstraße_Springorum_merged_export,2025-09-25T03:17:00Z,2025-09-25T03:17:00Z,4.4,2025-09-25T03:17:00Z,0,44,1
Wasserstraße_Springorum_merged_export,2025-09-24T14:01:00Z,2025-09-24T14:01:00Z,2.2,2025-09-24T14:01:00Z,0,22,1
Wasserstraße_Springorum_merged_export,2025-09-24T13:00:00Z,2025-09-24T13:00:00Z,1.7,2025-09-24T13:00:00Z,0,17,1
Wasserstraße_Springorum_merged_export,2025-09-24T09:49:00Z,2025-09-24T09:49:00Z,2.4,2025-09-24T09:49:00Z,0,24,1
Wasserstraße_Springorum_merged_export,2025-09-24T05:48:00Z,2025-09-24T05:48:00Z,1.7,2025-09-24T05:48:00Z,0,17,1
Wasserstraße_Springorum_merged_export,2025-09-23T19:36:00Z,2025-09-23T19:36:00Z,4.7,2025-09-23T19:36:00Z,0,47,1
Wasserstraße_Springorum_merged_export,2025-09-23T11:08:00Z,2025-09-23T11:08:00Z,5.2,2025-09-23T11:08:00Z,0,52,1
Wasserstraße_Springorum_merged_export,2025-09-23T07:45:00Z,2025-09-23T07:45:00Z,2.3,2025-09-23T07:45:00Z,0,23,1
Wasserstraße_Springorum_merged_export,2025-09-23T00:54:00Z,2025-09-23T00:54:00Z,5,2025-09-23T00:54:00Z,0,50,1
Wasserstraße_Springorum_merged_export,2025-09-22T16:49:00Z,2025-09-22T16:49:00Z,5,2025-09-22T16:49:00Z,0,50,1
Wasserstraße_Springorum_merged_export,2025-09-22T14:50:00Z,2025-09-22T14:50:00Z,1.7,2025-09-22T14:50:00Z,0,17,1
Wasserstraße_Springorum_merged_export,2025-09-22T06:28:00Z,2025-09-22T06:28:00Z,1.9,2025-09-22T06:28:00Z,0,19,1
Wasserstraße_Springorum_merged_export,2025-09-21T15:24:00Z,2025-09-21T15:24:00Z,1.6,2025-09-21T15:24:00Z,0,16,1
Wasserstraße_Springorum_merged_export,2025-09-21T14:45:00Z,2025-09-21T14:45:00Z,2.1,2025-09-21T14:45:00Z,0,21,1
Wasserstraße_Springorum_merged_export,2025-09-21T11:09:00Z,2025-09-21T11:09:00Z,2.3,2025-09-21T11:09:00Z,0,23,1
Wasserstraße_Springorum_merged_export,2025-09-21T03:26:00Z,2025-09-21T05:59:00Z,7.5,2025-09-21T05:10:00Z,153,0.072,150
Wasserstraße_Springorum_merged_export,2025-09-21T01:25:00Z,2025-09-21T02:43:00Z,6.1,2025-09-21T01:25:00Z,78,61,64
Wasserstraße_Springorum_merged_export,2025-09-20T16:27:00Z,2025-09-20T16:27:00Z,4.7,2025-09-20T16:27:00Z,0,47,1
Wasserstraße_Springorum_merged_export,2025-09-20T15:11:00Z,2025-09-20T15:11:00Z,4.5,2025-09-20T15:11:00Z,0,45,1
Wasserstraße_Springorum_merged_export,2025-09-20T13:38:00Z,2025-09-20T13:38:00Z,4.2,2025-09-20T13:38:00Z,0,42,1
Wasserstraße_Springorum_merged_export,2025-09-20T06:50:00Z,2025-09-20T07:06:00Z,4.8,2025-09-20T07:06:00Z,16,0.298,2
Wasserstraße_Springorum_merged_export,2025-09-20T02:11:00Z,2025-09-20T02:26:00Z,4.8,2025-09-20T02:26:00Z,15,0.318,2
Wasserstraße_Springorum_merged_export,2025-09-19T18:39:00Z,2025-09-19T18:56:00Z,5,2025-09-19T18:39:00Z,17,50,2
Wasserstraße_Springorum_merged_export,2025-09-19T16:26:00Z,2025-09-19T16:26:00Z,4.8,2025-09-19T16:26:00Z,0,48,1
Wasserstraße_Springorum_merged_export,2025-09-19T16:02:00Z,2025-09-19T16:02:00Z,4.1,2025-09-19T16:02:00Z,0,41,1
Wasserstraße_Springorum_merged_export,2025-09-19T10:24:00Z,2025-09-19T10:24:00Z,1.8,2025-09-19T10:24:00Z,0,18,1
Wasserstraße_Springorum_merged_export,2025-09-19T08:24:00Z,2025-09-19T08:24:00Z,1.7,2025-09-19T08:24:00Z,0,17,1
Wasserbaulabor_2_merged_export,2025-09-17T07:38:45Z,2025-09-17T07:57:45Z,2.2,2025-09-17T07:47:45Z,19,0.242,61
An_der_Kost_merged_export,2025-08-08T05:24:00Z,2025-08-08T05:24:00Z,2,2025-08-08T05:24:00Z,0,20,1
An_der_Kost_merged_export,2025-07-20T16:36:00Z,2025-07-20T16:36:00Z,1.6,2025-07-20T16:36:00Z,0,16,1
Wasserbaulabor_2_merged_export,2025-03-09T11:30:00Z,2025-03-09T11:45:00Z,24.1,2025-03-09T11:45:00Z,15,1.596,2
Wasserbaulabor_2_merged_export,2025-03-09T10:45:00Z,2025-03-09T11:00:00Z,24.9,2025-03-09T11:00:00Z,15,1.649,2
Wasserbaulabor_2_merged_export,2025-03-09T09:30:00Z,2025-03-09T10:15:00Z,25,2025-03-09T09:30:00Z,45,250,4
Wasserbaulabor_2_merged_export,2025-03-09T07:30:00Z,2025-03-09T08:00:00Z,25,2025-03-09T08:00:00Z,30,0.831,3
Wasserbaulabor_2_merged_export,2025-03-09T06:45:00Z,2025-03-09T07:00:00Z,24.9,2025-03-09T07:00:00Z,15,1.649,2
Wasserbaulabor_2_merged_export,2025-03-09T04:45:00Z,2025-03-09T05:00:00Z,24.7,2025-03-09T04:45:00Z,15,247,2
Wasserbaulabor_2_merged_export,2025-03-09T03:45:00Z,2025-03-09T04:15:00Z,24.9,2025-03-09T03:45:00Z,30,249,3
Wasserbaulabor_2_merged_export,2025-03-09T02:30:00Z,2025-03-09T02:45:00Z,24.6,2025-03-09T02:45:00Z,15,1.629,2
Wasserbaulabor_2_merged_export,2025-03-09T00:00:00Z,2025-03-09T00:30:00Z,24.9,2025-03-09T00:30:00Z,30,0.827,3
Wasserbaulabor_2_merged_export,2025-03-08T23:15:00Z,2025-03-08T23:30:00Z,24.4,2025-03-08T23:15:00Z,15,244,2
Wasserbaulabor_2_merged_export,2025-03-08T22:30:00Z,2025-03-08T22:45:00Z,24.7,2025-03-08T22:30:00Z,15,247,2
Wasserbaulabor_2_merged_export,2025-03-08T20:45:00Z,2025-03-08T22:00:00Z,24.9,2025-03-08T20:45:00Z,75,249,6
Wasserbaulabor_2_merged_export,2025-03-08T19:45:00Z,2025-03-08T20:00:00Z,24.7,2025-03-08T20:00:00Z,15,1.636,2
Wasserbaulabor_2_merged_export,2025-03-08T17:15:00Z,2025-03-08T17:45:00Z,25.1,2025-03-08T17:15:00Z,30,251,3
Wasserbaulabor_2_merged_export,2025-03-08T15:15:00Z,2025-03-08T16:45:00Z,25,2025-03-08T16:30:00Z,90,0.333,7
Wasserbaulabor_2_merged_export,2025-03-08T14:45:00Z,2025-03-08T14:45:00Z,24.9,2025-03-08T14:45:00Z,0,249,1
Wasserbaulabor_2_merged_export,2025-03-08T13:15:00Z,2025-03-08T14:00:00Z,25.2,2025-03-08T14:00:00Z,45,0.559,4
Wasserbaulabor_2_merged_export,2025-03-08T12:30:00Z,2025-03-08T12:45:00Z,24.7,2025-03-08T12:30:00Z,15,247,2
Wasserbaulabor_2_merged_export,2025-03-08T10:45:00Z,2025-03-08T12:00:00Z,25.1,2025-03-08T11:00:00Z,75,1.662,6
Wasserbaulabor_2_merged_export,2025-03-08T09:30:00Z,2025-03-08T10:15:00Z,24.6,2025-03-08T09:45:00Z,45,1.629,4
Wasserbaulabor_2_merged_export,2025-03-08T08:45:00Z,2025-03-08T09:00:00Z,25,2025-03-08T08:45:00Z,15,250,2
Wasserbaulabor_2_merged_export,2025-03-08T07:45:00Z,2025-03-08T08:15:00Z,24.6,2025-03-08T08:00:00Z,30,1.629,3
Wasserbaulabor_2_merged_export,2025-03-08T05:45:00Z,2025-03-08T06:00:00Z,24.7,2025-03-08T06:00:00Z,15,1.636,2
Wasserbaulabor_2_merged_export,2025-03-08T01:30:00Z,2025-03-08T02:00:00Z,24.6,2025-03-08T02:00:00Z,30,0.817,3
Wasserbaulabor_2_merged_export,2025-03-08T00:15:00Z,2025-03-08T01:00:00Z,25,2025-03-08T01:00:00Z,45,0.554,4
Wasserbaulabor_2_merged_export,2025-03-07T21:30:00Z,2025-03-07T23:30:00Z,20.9,2025-03-07T21:45:00Z,120,1.384,9
Wasserbaulabor_2_merged_export,2025-03-07T20:15:00Z,2025-03-07T21:00:00Z,20.5,2025-03-07T20:30:00Z,45,1.358,4
Wasserbaulabor_2_merged_export,2025-03-07T18:45:00Z,2025-03-07T19:00:00Z,18.3,2025-03-07T18:45:00Z,15,183,2
Wasserbaulabor_2_merged_export,2025-03-07T14:45:00Z,2025-03-07T14:45:00Z,18.7,2025-03-07T14:45:00Z,0,187,1
Wasserbaulabor_2_merged_export,2025-03-07T13:15:00Z,2025-03-07T14:00:00Z,19.6,2025-03-07T13:30:00Z,45,1.298,4
Wasserbaulabor_2_merged_export,2025-03-07T10:00:00Z,2025-03-07T10:15:00Z,20.9,2025-03-07T10:15:00Z,15,1.384,2
Wasserbaulabor_2_merged_export,2025-03-07T05:30:00Z,2025-03-07T07:15:00Z,20.8,2025-03-07T06:15:00Z,105,0.461,8
Wasserbaulabor_2_merged_export,2025-03-07T01:15:00Z,2025-03-07T02:15:00Z,20.1,2025-03-07T01:30:00Z,60,1.331,5
Wasserbaulabor_2_merged_export,2025-03-06T19:30:00Z,2025-03-06T19:45:00Z,19.2,2025-03-06T19:30:00Z,15,192,2
Wasserbaulabor_2_merged_export,2025-03-06T15:00:00Z,2025-03-06T15:00:00Z,20.9,2025-03-06T15:00:00Z,0,209,1
Wasserbaulabor_2_merged_export,2025-03-06T12:00:00Z,2025-03-06T12:15:00Z,19.3,2025-03-06T12:15:00Z,15,1.278,2
Wasserbaulabor_2_merged_export,2025-03-06T10:15:00Z,2025-03-06T10:15:00Z,4,2025-03-06T10:15:00Z,0,40,1
Wasserbaulabor_2_merged_export,2025-03-06T05:00:00Z,2025-03-06T05:15:00Z,19,2025-03-06T05:00:00Z,15,190,2
Wasserbaulabor_2_merged_export,2025-03-06T04:00:00Z,2025-03-06T04:30:00Z,19.9,2025-03-06T04:30:00Z,30,0.661,3
Wasserbaulabor_2_merged_export,2025-03-06T00:15:00Z,2025-03-06T00:45:00Z,20.1,2025-03-06T00:30:00Z,30,1.331,3
Wasserbaulabor_2_merged_export,2025-03-05T22:15:00Z,2025-03-05T23:30:00Z,29.6,2025-03-05T23:00:00Z,75,0.656,6
Wasserbaulabor_2_merged_export,2025-03-05T20:15:00Z,2025-03-05T20:30:00Z,20.6,2025-03-05T20:15:00Z,15,206,2
Wasserbaulabor_2_merged_export,2025-03-05T19:00:00Z,2025-03-05T19:15:00Z,18.9,2025-03-05T19:00:00Z,15,189,2
Wasserbaulabor_2_merged_export,2025-03-05T17:45:00Z,2025-03-05T18:00:00Z,19.9,2025-03-05T18:00:00Z,15,1.318,2
Wasserbaulabor_2_merged_export,2025-03-05T13:45:00Z,2025-03-05T14:45:00Z,20.9,2025-03-05T14:30:00Z,60,0.463,5
Wasserbaulabor_2_merged_export,2025-03-05T07:15:00Z,2025-03-05T07:45:00Z,20.4,2025-03-05T07:45:00Z,30,0.678,3
Wasserbaulabor_2_merged_export,2025-03-05T05:45:00Z,2025-03-05T06:15:00Z,19.4,2025-03-05T05:45:00Z,30,194,3
Wasserbaulabor_2_merged_export,2025-03-05T04:15:00Z,2025-03-05T04:30:00Z,20,2025-03-05T04:15:00Z,15,200,2
Wasserbaulabor_2_merged_export,2025-03-05T03:00:00Z,2025-03-05T03:45:00Z,20.9,2025-03-05T03:00:00Z,45,209,4
Wasserbaulabor_2_merged_export,2025-03-05T00:00:00Z,2025-03-05T00:30:00Z,19.3,2025-03-05T00:15:00Z,30,1.278,3
Wasserbaulabor_2_merged_export,2025-03-04T23:15:00Z,2025-03-04T23:30:00Z,20.1,2025-03-04T23:30:00Z,15,1.331,2
Wasserbaulabor_2_merged_export,2025-03-04T21:00:00Z,2025-03-04T21:15:00Z,19.1,2025-03-04T21:00:00Z,15,191,2
Wasserbaulabor_2_merged_export,2025-03-04T19:00:00Z,2025-03-04T20:15:00Z,20.9,2025-03-04T20:00:00Z,75,0.348,6
Wasserbaulabor_2_merged_export,2025-03-04T13:30:00Z,2025-03-04T13:45:00Z,18.6,2025-03-04T13:30:00Z,15,186,2
Wasserbaulabor_2_merged_export,2025-03-04T07:00:00Z,2025-03-04T07:15:00Z,18.8,2025-03-04T07:15:00Z,15,1.245,2
Wasserbaulabor_2_merged_export,2025-03-04T05:15:00Z,2025-03-04T05:30:00Z,20.9,2025-03-04T05:30:00Z,15,1.384,2
Wasserbaulabor_2_merged_export,2025-03-04T04:15:00Z,2025-03-04T04:45:00Z,20,2025-03-04T04:30:00Z,30,1.325,3
Wasserbaulabor_2_merged_export,2025-03-04T03:30:00Z,2025-03-04T03:45:00Z,21.2,2025-03-04T03:45:00Z,15,1.404,2
Wasserbaulabor_2_merged_export,2025-03-04T01:45:00Z,2025-03-04T02:00:00Z,20.3,2025-03-04T02:00:00Z,15,1.344,2
Wasserbaulabor_2_merged_export,2025-03-03T22:00:00Z,2025-03-03T22:30:00Z,19.3,2025-03-03T22:00:00Z,30,193,3
Wasserbaulabor_2_merged_export,2025-03-03T21:00:00Z,2025-03-03T21:30:00Z,20.8,2025-03-03T21:15:00Z,30,1.377,3
Wasserbaulabor_2_merged_export,2025-03-03T20:15:00Z,2025-03-03T20:30:00Z,20.2,2025-03-03T20:15:00Z,15,202,2
Wasserbaulabor_2_merged_export,2025-03-03T19:15:00Z,2025-03-03T19:45:00Z,20.6,2025-03-03T19:15:00Z,30,206,3
Wasserbaulabor_2_merged_export,2025-03-03T17:15:00Z,2025-03-03T17:15:00Z,3.8,2025-03-03T17:15:00Z,0,38,1
Wasserbaulabor_2_merged_export,2025-03-03T16:00:00Z,2025-03-03T16:15:00Z,28.9,2025-03-03T16:00:00Z,15,289,2
Wasserbaulabor_2_merged_export,2025-03-03T14:45:00Z,2025-03-03T15:00:00Z,20.2,2025-03-03T14:45:00Z,15,202,2
Wasserbaulabor_2_merged_export,2025-03-03T13:45:00Z,2025-03-03T14:00:00Z,21.3,2025-03-03T14:00:00Z,15,1.411,2
Wasserbaulabor_2_merged_export,2025-03-03T12:30:00Z,2025-03-03T13:00:00Z,20.6,2025-03-03T12:45:00Z,30,1.364,3
Wasserbaulabor_2_merged_export,2025-03-03T10:45:00Z,2025-03-03T11:15:00Z,20.9,2025-03-03T11:15:00Z,30,0.694,3
Wasserbaulabor_2_merged_export,2025-03-03T10:00:00Z,2025-03-03T10:15:00Z,29.2,2025-03-03T10:15:00Z,15,1.934,2
Wasserbaulabor_2_merged_export,2025-03-03T06:30:00Z,2025-03-03T07:15:00Z,21.5,2025-03-03T07:15:00Z,45,0.477,4
Wasserbaulabor_2_merged_export,2025-03-03T04:00:00Z,2025-03-03T04:15:00Z,20.4,2025-03-03T04:00:00Z,15,204,2
Wasserbaulabor_2_merged_export,2025-03-03T02:30:00Z,2025-03-03T02:45:00Z,20.1,2025-03-03T02:30:00Z,15,201,2
Wasserbaulabor_2_merged_export,2025-03-03T01:45:00Z,2025-03-03T02:00:00Z,20.4,2025-03-03T01:45:00Z,15,204,2
Wasserbaulabor_2_merged_export,2025-03-02T21:15:00Z,2025-03-02T22:15:00Z,20.8,2025-03-02T21:30:00Z,60,1.377,5
Wasserbaulabor_2_merged_export,2025-03-02T19:45:00Z,2025-03-02T20:00:00Z,18.9,2025-03-02T20:00:00Z,15,1.252,2
Wasserbaulabor_2_merged_export,2025-03-02T17:00:00Z,2025-03-02T18:00:00Z,20.9,2025-03-02T17:15:00Z,60,1.384,5
Wasserbaulabor_2_merged_export,2025-03-02T15:00:00Z,2025-03-02T15:00:00Z,21,2025-03-02T15:00:00Z,0,210,1
Wasserbaulabor_2_merged_export,2025-03-02T13:15:00Z,2025-03-02T13:45:00Z,19.1,2025-03-02T13:15:00Z,30,191,3
Wasserbaulabor_2_merged_export,2025-03-02T11:30:00Z,2025-03-02T11:45:00Z,21.5,2025-03-02T11:45:00Z,15,1.424,2
Wasserbaulabor_2_merged_export,2025-03-02T08:45:00Z,2025-03-02T09:00:00Z,18.7,2025-03-02T08:45:00Z,15,187,2
Wasserbaulabor_2_merged_export,2025-03-02T07:45:00Z,2025-03-02T08:00:00Z,20.8,2025-03-02T08:00:00Z,15,1.377,2
Wasserbaulabor_2_merged_export,2025-03-02T04:15:00Z,2025-03-02T04:45:00Z,19.5,2025-03-02T04:45:00Z,30,0.648,3
Wasserbaulabor_2_merged_export,2025-03-02T02:45:00Z,2025-03-02T03:15:00Z,20.1,2025-03-02T03:00:00Z,30,1.331,3
Wasserbaulabor_2_merged_export,2025-03-02T02:00:00Z,2025-03-02T02:15:00Z,20.6,2025-03-02T02:00:00Z,15,206,2
Wasserbaulabor_2_merged_export,2025-03-01T22:45:00Z,2025-03-02T00:30:00Z,20.9,2025-03-02T00:15:00Z,105,0.232,8
Wasserbaulabor_2_merged_export,2025-03-01T19:45:00Z,2025-03-01T20:45:00Z,20.1,2025-03-01T19:45:00Z,60,201,5
Wasserbaulabor_2_merged_export,2025-03-01T17:45:00Z,2025-03-01T18:00:00Z,19,2025-03-01T17:45:00Z,15,190,2
Wasserbaulabor_2_merged_export,2025-03-01T17:00:00Z,2025-03-01T17:15:00Z,18.2,2025-03-01T17:00:00Z,15,182,2
Wasserbaulabor_2_merged_export,2025-03-01T15:30:00Z,2025-03-01T16:30:00Z,20.4,2025-03-01T16:00:00Z,60,0.678,5
Wasserbaulabor_2_merged_export,2025-03-01T14:45:00Z,2025-03-01T14:45:00Z,18.8,2025-03-01T14:45:00Z,0,188,1
Wasserbaulabor_2_merged_export,2025-03-01T09:45:00Z,2025-03-01T10:00:00Z,19.5,2025-03-01T09:45:00Z,15,195,2
Wasserbaulabor_2_merged_export,2025-03-01T08:45:00Z,2025-03-01T09:15:00Z,20.4,2025-03-01T09:15:00Z,30,0.678,3
Wasserbaulabor_2_merged_export,2025-03-01T05:45:00Z,2025-03-01T06:00:00Z,20.7,2025-03-01T06:00:00Z,15,1.371,2
Wasserbaulabor_2_merged_export,2025-03-01T04:15:00Z,2025-03-01T05:00:00Z,20.2,2025-03-01T04:45:00Z,45,0.671,4
Wasserbaulabor_2_merged_export,2025-03-01T02:30:00Z,2025-03-01T03:00:00Z,20.6,2025-03-01T03:00:00Z,30,0.684,3
Wasserbaulabor_2_merged_export,2025-02-28T21:30:00Z,2025-02-28T22:00:00Z,20.2,2025-02-28T22:00:00Z,30,0.671,3
Wasserbaulabor_2_merged_export,2025-02-28T20:30:00Z,2025-02-28T21:00:00Z,20.2,2025-02-28T20:45:00Z,30,1.338,3
Wasserbaulabor_2_merged_export,2025-02-28T19:30:00Z,2025-02-28T20:00:00Z,20.4,2025-02-28T19:45:00Z,30,1.351,3
Wasserbaulabor_2_merged_export,2025-02-28T17:15:00Z,2025-02-28T17:30:00Z,19.8,2025-02-28T17:30:00Z,15,1.311,2
Wasserbaulabor_2_merged_export,2025-02-28T15:00:00Z,2025-02-28T15:00:00Z,20.2,2025-02-28T15:00:00Z,0,202,1
Wasserbaulabor_2_merged_export,2025-02-28T10:45:00Z,2025-02-28T11:30:00Z,20.9,2025-02-28T11:15:00Z,45,0.694,4
Wasserbaulabor_2_merged_export,2025-02-28T06:45:00Z,2025-02-28T07:00:00Z,21.1,2025-02-28T06:45:00Z,15,211,2
Wasserbaulabor_2_merged_export,2025-02-28T05:45:00Z,2025-02-28T06:00:00Z,19.4,2025-02-28T05:45:00Z,15,194,2
Wasserbaulabor_2_merged_export,2025-02-28T03:00:00Z,2025-02-28T03:15:00Z,18.5,2025-02-28T03:00:00Z,15,185,2
Wasserbaulabor_2_merged_export,2025-02-28T01:00:00Z,2025-02-28T01:15:00Z,20.7,2025-02-28T01:15:00Z,15,1.371,2
Wasserbaulabor_2_merged_export,2025-02-27T23:45:00Z,2025-02-28T00:00:00Z,19.5,2025-02-27T23:45:00Z,15,195,2
Wasserbaulabor_2_merged_export,2025-02-27T21:30:00Z,2025-02-27T21:45:00Z,18.4,2025-02-27T21:30:00Z,15,184,2
Wasserbaulabor_2_merged_export,2025-02-27T20:00:00Z,2025-02-27T20:30:00Z,20.6,2025-02-27T20:15:00Z,30,1.364,3
Wasserbaulabor_2_merged_export,2025-02-27T14:30:00Z,2025-02-27T15:00:00Z,20,2025-02-27T14:30:00Z,30,200,3
Wasserbaulabor_2_merged_export,2025-02-27T12:45:00Z,2025-02-27T13:30:00Z,19.2,2025-02-27T12:45:00Z,45,192,4
Wasserbaulabor_2_merged_export,2025-02-27T07:45:00Z,2025-02-27T08:00:00Z,20.2,2025-02-27T08:00:00Z,15,1.338,2
Wasserbaulabor_2_merged_export,2025-02-27T06:00:00Z,2025-02-27T06:30:00Z,20.8,2025-02-27T06:15:00Z,30,1.377,3
Wasserbaulabor_2_merged_export,2025-02-27T04:45:00Z,2025-02-27T04:45:00Z,4.6,2025-02-27T04:45:00Z,0,46,1
Wasserbaulabor_2_merged_export,2025-02-27T03:00:00Z,2025-02-27T03:15:00Z,20.7,2025-02-27T03:15:00Z,15,1.371,2
Wasserbaulabor_2_merged_export,2025-02-26T23:45:00Z,2025-02-27T00:00:00Z,29.2,2025-02-26T23:45:00Z,15,292,2
Wasserbaulabor_2_merged_export,2025-02-26T21:45:00Z,2025-02-26T22:30:00Z,20.1,2025-02-26T21:45:00Z,45,201,4
Wasserbaulabor_2_merged_export,2025-02-26T16:30:00Z,2025-02-26T17:00:00Z,20,2025-02-26T16:30:00Z,30,200,3
Wasserbaulabor_2_merged_export,2025-02-26T14:45:00Z,2025-02-26T14:45:00Z,18,2025-02-26T14:45:00Z,0,180,1
Wasserbaulabor_2_merged_export,2025-02-26T10:15:00Z,2025-02-26T10:45:00Z,18.8,2025-02-26T10:15:00Z,30,188,3
Wasserbaulabor_2_merged_export,2025-02-26T09:30:00Z,2025-02-26T09:45:00Z,29.7,2025-02-26T09:30:00Z,15,297,2
Wasserbaulabor_2_merged_export,2025-02-26T06:15:00Z,2025-02-26T06:30:00Z,20.2,2025-02-26T06:30:00Z,15,1.338,2
Wasserbaulabor_2_merged_export,2025-02-26T04:45:00Z,2025-02-26T05:00:00Z,20.5,2025-02-26T04:45:00Z,15,205,2
Wasserbaulabor_2_merged_export,2025-02-25T20:45:00Z,2025-02-25T21:00:00Z,18.6,2025-02-25T21:00:00Z,15,1.232,2
Wasserbaulabor_2_merged_export,2025-02-25T17:45:00Z,2025-02-25T18:15:00Z,18.9,2025-02-25T17:45:00Z,30,189,3
Wasserbaulabor_2_merged_export,2025-02-25T16:30:00Z,2025-02-25T16:45:00Z,20.7,2025-02-25T16:45:00Z,15,1.371,2
Wasserbaulabor_2_merged_export,2025-02-25T15:00:00Z,2025-02-25T15:00:00Z,19.7,2025-02-25T15:00:00Z,0,197,1
Wasserbaulabor_2_merged_export,2025-02-25T12:00:00Z,2025-02-25T12:15:00Z,18.9,2025-02-25T12:15:00Z,15,1.252,2
Wasserbaulabor_2_merged_export,2025-02-25T11:15:00Z,2025-02-25T11:30:00Z,19.5,2025-02-25T11:30:00Z,15,1.291,2
Wasserbaulabor_2_merged_export,2025-02-25T09:00:00Z,2025-02-25T10:15:00Z,20.1,2025-02-25T09:45:00Z,75,0.446,6
Wasserbaulabor_2_merged_export,2025-02-25T07:00:00Z,2025-02-25T07:30:00Z,19.6,2025-02-25T07:00:00Z,30,196,3
Wasserbaulabor_2_merged_export,2025-02-25T04:45:00Z,2025-02-25T05:00:00Z,20.7,2025-02-25T04:45:00Z,15,207,2
Wasserbaulabor_2_merged_export,2025-02-25T03:45:00Z,2025-02-25T04:00:00Z,17.4,2025-02-25T03:45:00Z,15,174,2
Wasserbaulabor_2_merged_export,2025-02-25T02:00:00Z,2025-02-25T02:15:00Z,20.5,2025-02-25T02:15:00Z,15,1.358,2
Wasserbaulabor_2_merged_export,2025-02-25T00:30:00Z,2025-02-25T01:30:00Z,20.3,2025-02-25T00:45:00Z,60,1.344,5
Wasserbaulabor_2_merged_export,2025-02-24T23:45:00Z,2025-02-25T00:00:00Z,20.1,2025-02-25T00:00:00Z,15,1.331,2
Wasserbaulabor_2_merged_export,2025-02-24T22:30:00Z,2025-02-24T23:15:00Z,18.8,2025-02-24T23:15:00Z,45,0.417,4
Wasserbaulabor_2_merged_export,2025-02-24T21:00:00Z,2025-02-24T21:30:00Z,20.1,2025-02-24T21:00:00Z,30,201,3
Wasserbaulabor_2_merged_export,2025-02-24T18:15:00Z,2025-02-24T18:30:00Z,20.5,2025-02-24T18:15:00Z,15,205,2
Wasserbaulabor_2_merged_export,2025-02-24T17:15:00Z,2025-02-24T17:30:00Z,18.8,2025-02-24T17:30:00Z,15,1.245,2
Wasserbaulabor_2_merged_export,2025-02-24T15:30:00Z,2025-02-24T16:00:00Z,19.5,2025-02-24T15:45:00Z,30,1.291,3
Wasserbaulabor_2_merged_export,2025-02-24T15:00:00Z,2025-02-24T15:00:00Z,20.1,2025-02-24T15:00:00Z,0,201,1
Wasserbaulabor_2_merged_export,2025-02-24T13:15:00Z,2025-02-24T13:30:00Z,17.9,2025-02-24T13:15:00Z,15,179,2
Wasserbaulabor_2_merged_export,2025-02-24T11:30:00Z,2025-02-24T11:45:00Z,18.9,2025-02-24T11:45:00Z,15,1.252,2
Wasserbaulabor_2_merged_export,2025-02-24T10:15:00Z,2025-02-24T10:45:00Z,20,2025-02-24T10:30:00Z,30,1.325,3
Wasserbaulabor_2_merged_export,2025-02-24T06:15:00Z,2025-02-24T06:30:00Z,29.2,2025-02-24T06:15:00Z,15,292,2
Wasserbaulabor_2_merged_export,2025-02-24T03:00:00Z,2025-02-24T03:45:00Z,19.9,2025-02-24T03:00:00Z,45,199,4
Wasserbaulabor_2_merged_export,2025-02-24T01:45:00Z,2025-02-24T02:15:00Z,20,2025-02-24T02:15:00Z,30,0.664,3
Wasserbaulabor_2_merged_export,2025-02-24T00:15:00Z,2025-02-24T01:00:00Z,20.5,2025-02-24T00:30:00Z,45,1.358,4
Wasserbaulabor_2_merged_export,2025-02-23T22:15:00Z,2025-02-23T22:30:00Z,20.4,2025-02-23T22:30:00Z,15,1.351,2
Wasserbaulabor_2_merged_export,2025-02-23T19:30:00Z,2025-02-23T20:00:00Z,20.3,2025-02-23T19:30:00Z,30,203,3
Wasserbaulabor_2_merged_export,2025-02-23T18:45:00Z,2025-02-23T19:00:00Z,19.1,2025-02-23T19:00:00Z,15,1.265,2
Wasserbaulabor_2_merged_export,2025-02-23T10:15:00Z,2025-02-23T10:30:00Z,19.9,2025-02-23T10:15:00Z,15,199,2
Wasserbaulabor_2_merged_export,2025-02-23T08:15:00Z,2025-02-23T09:45:00Z,28.5,2025-02-23T09:15:00Z,90,0.474,7
Wasserbaulabor_2_merged_export,2025-02-23T07:15:00Z,2025-02-23T07:45:00Z,20,2025-02-23T07:45:00Z,30,0.664,3
Wasserbaulabor_2_merged_export,2025-02-23T05:30:00Z,2025-02-23T06:30:00Z,20.4,2025-02-23T05:45:00Z,60,1.351,5
Wasserbaulabor_2_merged_export,2025-02-23T04:30:00Z,2025-02-23T05:00:00Z,20.1,2025-02-23T04:30:00Z,30,201,3
Wasserbaulabor_2_merged_export,2025-02-23T03:15:00Z,2025-02-23T03:30:00Z,19.4,2025-02-23T03:15:00Z,15,194,2
Wasserbaulabor_2_merged_export,2025-02-23T01:45:00Z,2025-02-23T02:45:00Z,20.1,2025-02-23T02:15:00Z,60,0.668,5
Wasserbaulabor_2_merged_export,2025-02-22T23:45:00Z,2025-02-23T00:00:00Z,17.8,2025-02-22T23:45:00Z,15,178,2
Wasserbaulabor_2_merged_export,2025-02-22T22:45:00Z,2025-02-22T23:00:00Z,20.1,2025-02-22T22:45:00Z,15,201,2
Wasserbaulabor_2_merged_export,2025-02-22T20:30:00Z,2025-02-22T21:00:00Z,20.4,2025-02-22T20:30:00Z,30,204,3
Wasserbaulabor_2_merged_export,2025-02-22T16:00:00Z,2025-02-22T16:15:00Z,19.3,2025-02-22T16:00:00Z,15,193,2
Wasserbaulabor_2_merged_export,2025-02-22T15:00:00Z,2025-02-22T15:15:00Z,18.7,2025-02-22T15:15:00Z,15,1.238,2
Wasserbaulabor_2_merged_export,2025-02-22T13:15:00Z,2025-02-22T13:30:00Z,19.4,2025-02-22T13:15:00Z,15,194,2
Wasserbaulabor_2_merged_export,2025-02-22T10:30:00Z,2025-02-22T11:00:00Z,20.4,2025-02-22T10:30:00Z,30,204,3
Wasserbaulabor_2_merged_export,2025-02-22T09:00:00Z,2025-02-22T09:15:00Z,19.6,2025-02-22T09:00:00Z,15,196,2
Wasserbaulabor_2_merged_export,2025-02-22T07:30:00Z,2025-02-22T07:45:00Z,19.7,2025-02-22T07:45:00Z,15,1.305,2
Wasserbaulabor_2_merged_export,2025-02-22T00:30:00Z,2025-02-22T00:45:00Z,19.4,2025-02-22T00:45:00Z,15,1.285,2
Wasserbaulabor_2_merged_export,2025-02-21T23:00:00Z,2025-02-21T23:15:00Z,24.7,2025-02-21T23:00:00Z,15,247,2
Wasserbaulabor_2_merged_export,2025-02-21T20:30:00Z,2025-02-21T22:30:00Z,29.1,2025-02-21T21:15:00Z,120,0.645,9
Wasserbaulabor_2_merged_export,2025-02-21T19:30:00Z,2025-02-21T19:45:00Z,29.8,2025-02-21T19:30:00Z,15,298,2
Wasserbaulabor_2_merged_export,2025-02-21T17:30:00Z,2025-02-21T18:30:00Z,25.4,2025-02-21T18:30:00Z,60,0.423,5
Wasserbaulabor_2_merged_export,2025-02-21T15:45:00Z,2025-02-21T17:00:00Z,25.8,2025-02-21T16:15:00Z,75,0.857,6
Wasserbaulabor_2_merged_export,2025-02-21T12:30:00Z,2025-02-21T15:00:00Z,26.1,2025-02-21T12:45:00Z,150,1.728,11
Wasserbaulabor_2_merged_export,2025-02-21T11:00:00Z,2025-02-21T12:00:00Z,25.5,2025-02-21T11:30:00Z,60,0.847,5
Wasserbaulabor_2_merged_export,2025-02-21T09:45:00Z,2025-02-21T10:30:00Z,25.1,2025-02-21T10:30:00Z,45,0.557,4
Wasserbaulabor_2_merged_export,2025-02-21T08:45:00Z,2025-02-21T09:00:00Z,25.8,2025-02-21T08:45:00Z,15,258,2
Wasserbaulabor_2_merged_export,2025-02-21T07:30:00Z,2025-02-21T08:15:00Z,25.4,2025-02-21T07:45:00Z,45,1.682,4
Wasserbaulabor_2_merged_export,2025-02-21T06:15:00Z,2025-02-21T07:00:00Z,25.3,2025-02-21T06:30:00Z,45,1.675,4
Wasserbaulabor_2_merged_export,2025-02-21T04:00:00Z,2025-02-21T05:45:00Z,25.4,2025-02-21T04:45:00Z,105,0.563,8
Wasserbaulabor_2_merged_export,2025-02-21T02:00:00Z,2025-02-21T02:15:00Z,25.3,2025-02-21T02:15:00Z,15,1.675,2
Wasserbaulabor_2_merged_export,2025-02-21T01:00:00Z,2025-02-21T01:30:00Z,25.3,2025-02-21T01:15:00Z,30,1.675,3
Wasserbaulabor_2_merged_export,2025-02-20T23:00:00Z,2025-02-21T00:30:00Z,25.4,2025-02-21T00:00:00Z,90,0.423,7
Wasserbaulabor_2_merged_export,2025-02-20T20:30:00Z,2025-02-20T22:15:00Z,25.4,2025-02-20T21:00:00Z,105,0.844,8
Wasserbaulabor_2_merged_export,2025-02-20T18:00:00Z,2025-02-20T20:00:00Z,25.3,2025-02-20T18:00:00Z,120,253,9
Wasserbaulabor_2_merged_export,2025-02-20T15:15:00Z,2025-02-20T17:30:00Z,25.3,2025-02-20T15:15:00Z,135,253,10
